Name,Bouboule,Coin bouboule,Coin pas ouvert,Coin ouvert mais DL aux jonctions,Coin ouvert
CHEBI:9168,,0,0,0,0,0
CHEBI:17708,,0,0,0,0,0
CHEBI:17783,,0,0,0,0,0
CHEBI:17010,,0,0,0,0,0
CHEBI:16318,,0,0,0,0,0
CHEBI:17561,,0,0,0,0,0
CHEBI:18251,,0,0,0,0,0
CHEBI:18075,,0,0,0,0,0
CHEBI:17604,,0,0,0,0,0
CHEBI:18019,,0,0,0,0,0
CHEBI:16123,0 ,1,0,0,0,0
CHEBI:27454,,0,0,0,0,0
CHEBI:17969,,0,0,0,0,0
CHEBI:16320,,0,0,0,0,0
CHEBI:18425,,0,0,0,0,0
CHEBI:16485,,0,0,0,0,0
CHEBI:15652,,0,0,0,0,0
CHEBI:16864,,0,0,0,0,0
CHEBI:15766,,0,0,0,0,0
CHEBI:17966,,0,0,0,0,0
CHEBI:27438,,0,0,0,0,0
CHEBI:17177,,0,0,0,0,0
CHEBI:18115,,0,0,0,0,0
CHEBI:16474,,0,0,0,0,0
CHEBI:17860,,0,0,0,0,0
CHEBI:16725,,0,0,0,0,0
CHEBI:17712,,0,0,0,0,0
CHEBI:17582,,0,0,0,0,0
CHEBI:18384,,0,0,0,0,0
CHEBI:15558,,0,0,0,0,0
CHEBI:3082,,0,0,0,0,0
CHEBI:15674,,0,0,0,0,0
CHEBI:15569,,0,0,0,0,0
CHEBI:17082,,0,0,0,0,0
CHEBI:15714,,0,0,0,0,0
CHEBI:15513,,0,0,0,0,0
CHEBI:3353,,0,0,0,0,0
CHEBI:15636,,0,0,0,0,0
CHEBI:16430,,0,0,0,0,0
CHEBI:15622,,0,0,0,0,0
CHEBI:18431,,0,0,0,0,0
CHEBI:4882,,0,0,0,0,0
CHEBI:17614,,0,0,0,0,0
CHEBI:2676,,0,0,0,0,0
CHEBI:27409,,0,0,0,0,0
CHEBI:15646,,0,0,0,0,0
CHEBI:15783,,0,0,0,0,0
CHEBI:18386,,0,0,0,0,0
CHEBI:16924,,0,0,0,0,0
CHEBI:16997,,0,0,0,0,0
CHEBI:15893,,0,0,0,0,0
CHEBI:17206,,0,0,0,0,0
CHEBI:16730,,0,0,0,0,0
CHEBI:16399,,0,0,0,0,0
CHEBI:17031,,0,0,0,0,0
CHEBI:17864,,0,0,0,0,0
CHEBI:18256,,0,0,0,0,0
CHEBI:16578,,0,0,0,0,0
CHEBI:16104,,0,0,0,0,0
CHEBI:17134,,0,0,0,0,0
CHEBI:18304,,0,0,0,0,0
CHEBI:17871,,0,0,0,0,0
CHEBI:17509,,0,0,0,0,0
CHEBI:15997,,0,0,0,0,0
CHEBI:18065,,0,0,0,0,0
CHEBI:17084,,0,0,0,0,0
CHEBI:18082,,0,0,0,0,0
CHEBI:2295,,0,0,0,0,0
CHEBI:17262,,0,0,0,0,0
CHEBI:16122,,0,0,0,0,0
CHEBI:15402,,0,0,0,0,0
CHEBI:18413,,0,0,0,0,0
CHEBI:15604,,0,0,0,0,0
CHEBI:16747,,0,0,0,0,0
CHEBI:16853,,0,0,0,0,0
CHEBI:17360,,0,0,0,0,0
CHEBI:17094,,0,0,0,0,0
CHEBI:16236,,0,0,0,0,0
CHEBI:8405,,0,0,0,0,0
CHEBI:17866,,0,0,0,0,0
CHEBI:16215,,0,0,0,0,0
CHEBI:18344,,0,0,0,0,0
CHEBI:16021,,0,0,0,0,0
CHEBI:15751,,0,0,0,0,0
CHEBI:6332,,0,0,0,0,0
CHEBI:17117,,0,0,0,0,0
CHEBI:16647,,0,0,0,0,0
CHEBI:16955,,0,0,0,0,0
CHEBI:15437,,0,0,0,0,0
CHEBI:21557,,0,0,0,0,0
CHEBI:17307,,0,0,0,0,0
CHEBI:15915,,0,0,0,0,0
CHEBI:17310,,0,0,0,0,0
CHEBI:16072,,0,0,0,0,0
CHEBI:3398,,0,0,0,0,0
CHEBI:17160,,0,0,0,0,0
CHEBI:17489,,0,0,0,0,0
CHEBI:16373,,0,0,0,0,0
CHEBI:18188,,0,0,0,0,0
CHEBI:16768,,0,0,0,0,0
CHEBI:16522,,0,0,0,0,0
CHEBI:17275,,0,0,0,0,0
CHEBI:17284,,0,0,0,0,0
CHEBI:11901,,0,0,0,0,0
CHEBI:18295,,0,0,0,0,0
CHEBI:16450,,0,0,0,0,0
CHEBI:18047,,0,0,0,0,0
CHEBI:16695,,0,0,0,0,0
CHEBI:17548,,0,0,0,0,0
CHEBI:16937,,0,0,0,0,0
CHEBI:1895,,0,0,0,0,0
CHEBI:17332,,0,0,0,0,0
CHEBI:18078,,0,0,0,0,0
CHEBI:27444,,0,0,0,0,0
CHEBI:21553,,0,0,0,0,0
CHEBI:16715,,0,0,0,0,0
CHEBI:15532,,0,0,0,0,0
CHEBI:16859,,0,0,0,0,0
CHEBI:18320,,0,0,0,0,0
CHEBI:15461,,0,0,0,0,0
CHEBI:17863,,0,0,0,0,0
CHEBI:17047,,0,0,0,0,0
CHEBI:16288,,0,0,0,0,0
CHEBI:16685,,0,0,0,0,0
CHEBI:15401,,0,0,0,0,0
CHEBI:15895,,0,0,0,0,0
CHEBI:17400,1 ,1,4,0,0,2
CHEBI:16880,,0,0,0,0,0
CHEBI:15574,,0,0,0,0,0
CHEBI:16634,,0,0,0,0,0
CHEBI:15741,,0,0,0,0,0
CHEBI:16240,,0,0,0,0,0
CHEBI:15708,,0,0,0,0,0
CHEBI:16600,,0,0,0,0,0
CHEBI:17189,,0,0,0,0,0
CHEBI:2303,,0,0,0,0,0
CHEBI:16711,,0,0,0,0,0
CHEBI:4759,,0,0,0,0,0
CHEBI:16960,,0,0,0,0,0
CHEBI:15477,,0,0,0,0,0
CHEBI:17407,,0,0,0,0,0
CHEBI:15914,,0,0,0,0,0
CHEBI:6997,,0,0,0,0,0
CHEBI:16489,,0,0,0,0,0
CHEBI:18124,,0,0,0,0,0
CHEBI:18283,,0,0,0,0,0
CHEBI:18021,,0,0,0,0,0
CHEBI:17198,,0,0,0,0,0
CHEBI:15559,,0,0,0,0,0
CHEBI:17587,,0,0,0,0,0
CHEBI:16207,,0,0,0,0,0
CHEBI:15488,,0,0,0,0,0
CHEBI:18335,,0,0,0,0,0
CHEBI:16802,,0,0,0,0,0
CHEBI:17757,,0,0,0,0,0
CHEBI:15473,,0,0,0,0,0
CHEBI:18407,,0,0,0,0,0
CHEBI:4822,4 ,0,0,0,1,0
CHEBI:16919,,0,0,0,0,0
CHEBI:18169,,0,0,0,0,0
CHEBI:3008,,0,0,0,0,0
CHEBI:17715,,0,0,0,0,0
CHEBI:2365,,0,0,0,0,0
CHEBI:15669,,0,0,0,0,0
CHEBI:17510,,0,0,0,0,0
CHEBI:16996,,0,0,0,0,0
CHEBI:18365,,0,0,0,0,0
CHEBI:16130,,0,0,0,0,0
CHEBI:18402,,0,0,0,0,0
CHEBI:17141,,0,0,0,0,0
CHEBI:16432,,0,0,0,0,0
CHEBI:27440,,0,0,0,0,0
CHEBI:16227,,0,0,0,0,0
CHEBI:18106,,0,0,0,0,0
CHEBI:16060,1 ,1,3,0,0,0
CHEBI:17716,,0,0,0,0,0
CHEBI:18327,,0,0,0,0,0
CHEBI:17230,,0,0,0,0,0
CHEBI:16251,,0,0,0,0,0
CHEBI:17796,,0,0,0,0,0
CHEBI:10110,,0,0,0,0,0
CHEBI:17756,,0,0,0,0,0
CHEBI:18012,,0,0,0,0,0
CHEBI:24809,,0,0,0,0,0
CHEBI:16312,,0,0,0,0,0
CHEBI:17342,,0,0,0,0,0
CHEBI:4974,,0,0,0,0,0
CHEBI:27460,,0,0,0,0,0
CHEBI:18200,,0,0,0,0,0
CHEBI:17879,,0,0,0,0,0
CHEBI:8890,,0,0,0,0,0
CHEBI:16865,,0,0,0,0,0
CHEBI:27379,,0,0,0,0,0
CHEBI:18263,,0,0,0,0,0
CHEBI:19982,,0,0,0,0,0
CHEBI:4379,,0,0,0,0,0
CHEBI:15968,,0,0,0,0,0
CHEBI:15527,,0,0,0,0,0
CHEBI:16867,,0,0,0,0,0
CHEBI:18084,,0,0,0,0,0
CHEBI:15539,,0,0,0,0,0
CHEBI:10642,,0,0,0,0,0
CHEBI:17030,,0,0,0,0,0
CHEBI:16189,,0,0,0,0,0
CHEBI:18034,,0,0,0,0,0
CHEBI:17316,,0,0,0,0,0
CHEBI:15557,,0,0,0,0,0
CHEBI:17338,,0,0,0,0,0
CHEBI:4884,,0,0,0,0,0
CHEBI:17545,,0,0,0,0,0
CHEBI:4670,,0,0,0,0,0
CHEBI:17043,,0,0,0,0,0
CHEBI:16716,,0,0,0,0,0
CHEBI:26199,,0,0,0,0,0
CHEBI:16984,,0,0,0,0,0
CHEBI:15894,,0,0,0,0,0
CHEBI:17658,,0,0,0,0,0
CHEBI:16625,,0,0,0,0,0
CHEBI:27434,,0,0,0,0,0
CHEBI:15594,,0,0,0,0,0
CHEBI:16931,,0,0,0,0,0
CHEBI:18174,,0,0,0,0,0
CHEBI:16741,,0,0,0,0,0
CHEBI:16682,,0,0,0,0,0
CHEBI:16509,,0,0,0,0,0
CHEBI:15421,,0,0,0,0,0
CHEBI:17572,,0,0,0,0,0
CHEBI:18303,,0,0,0,0,0
CHEBI:21891,,0,0,0,0,0
CHEBI:15368,,0,0,0,0,0
CHEBI:4932,,0,0,0,0,0
CHEBI:16886,,0,0,0,0,0
CHEBI:17576,,0,0,0,0,0
CHEBI:18311,,0,0,0,0,0
CHEBI:16080,,0,0,0,0,0
CHEBI:17964,,0,0,0,0,0
CHEBI:3139,,0,0,0,0,0
CHEBI:18354,,0,0,0,0,0
CHEBI:17683,,0,0,0,0,0
CHEBI:15607,,0,0,0,0,0
CHEBI:16100,,0,0,0,0,0
CHEBI:17410,,0,0,0,0,0
CHEBI:16841,,0,0,0,0,0
CHEBI:17922,,0,0,0,0,0
CHEBI:17979,,0,0,0,0,0
CHEBI:16020,,0,0,0,0,0
CHEBI:17395,,0,0,0,0,0
CHEBI:18418,,0,0,0,0,0
CHEBI:18417,,0,0,0,0,0
CHEBI:17647,,0,0,0,0,0
CHEBI:18155,,0,0,0,0,0
CHEBI:27452,,0,0,0,0,0
CHEBI:16359,,0,0,0,0,0
CHEBI:4514,,0,0,0,0,0
CHEBI:17413,,0,0,0,0,0
CHEBI:15426,,0,0,0,0,0
CHEBI:7747,,0,0,0,0,0
CHEBI:20794,,0,0,0,0,0
CHEBI:17207,,0,0,0,0,0
CHEBI:15941,,0,0,0,0,0
CHEBI:16257,,0,0,0,0,0
CHEBI:17514,,0,0,0,0,0
CHEBI:27406,,0,0,0,0,0
CHEBI:16120,,0,0,0,0,0
CHEBI:17960,,0,0,0,0,0
CHEBI:17525,,0,0,0,0,0
CHEBI:3504,,0,0,0,0,0
CHEBI:18346,,0,0,0,0,0
CHEBI:17846,,0,0,0,0,0
CHEBI:15535,,0,0,0,0,0
CHEBI:9023,,0,0,0,0,0
CHEBI:18156,,0,0,0,0,0
CHEBI:17023,,0,0,0,0,0
CHEBI:27398,,0,0,0,0,0
CHEBI:16064,,0,0,0,0,0
CHEBI:17875,,0,0,0,0,0
CHEBI:15689,,0,0,0,0,0
CHEBI:16710,,0,0,0,0,0
CHEBI:18022,,0,0,0,0,0
CHEBI:18247,,0,0,0,0,0
CHEBI:18033,,0,0,0,0,0
CHEBI:15832,,0,0,0,0,0
CHEBI:10023,,0,0,0,0,0
CHEBI:7071,,0,0,0,0,0
CHEBI:17409,,0,0,0,0,0
CHEBI:17319,,0,0,0,0,0
CHEBI:18132,,0,0,0,0,0
CHEBI:17469,,0,0,0,0,0
CHEBI:16464,,0,0,0,0,0
CHEBI:17340,,0,0,0,0,0
CHEBI:18144,,0,0,0,0,0
CHEBI:15671,,0,0,0,0,0
CHEBI:18080,,0,0,0,0,0
CHEBI:15634,,0,0,0,0,0
CHEBI:27404,,0,0,0,0,0
CHEBI:18316,,0,0,0,0,0
CHEBI:19643,,0,0,0,0,0
CHEBI:16286,,0,0,0,0,0
CHEBI:15665,,0,0,0,0,0
CHEBI:16671,,0,0,0,0,0
CHEBI:16142,,0,0,0,0,0
CHEBI:16453,,0,0,0,0,0
CHEBI:16111,,0,0,0,0,0
CHEBI:1712,,0,0,0,0,0
CHEBI:17256,,0,0,0,0,0
CHEBI:3354,,0,0,0,0,0
CHEBI:17574,,0,0,0,0,0
CHEBI:18398,,0,0,0,0,0
CHEBI:17465,,0,0,0,0,0
CHEBI:25629,,0,0,0,0,0
CHEBI:18093,,0,0,0,0,0
CHEBI:16335,,0,0,0,0,0
CHEBI:17886,,0,0,0,0,0
CHEBI:15725,,0,0,0,0,0
CHEBI:17763,,0,0,0,0,0
CHEBI:27410,,0,0,0,0,0
CHEBI:16835,,0,0,0,0,0
CHEBI:17110,,0,0,0,0,0
CHEBI:15767,,0,0,0,0,0
CHEBI:17114,,0,0,0,0,0
CHEBI:15570,,0,0,0,0,0
CHEBI:17403,,0,0,0,0,0
CHEBI:18284,,0,0,0,0,0
CHEBI:17559,,0,0,0,0,0
CHEBI:15459,,0,0,0,0,0
CHEBI:15346,,0,0,0,0,0
CHEBI:17318,,0,0,0,0,0
CHEBI:12257,,0,0,0,0,0
CHEBI:16765,,0,0,0,0,0
CHEBI:16552,,0,0,0,0,0
CHEBI:16746,,0,0,0,0,0
CHEBI:17773,,0,0,0,0,0
CHEBI:15374,,0,0,0,0,0
CHEBI:8435,,0,0,0,0,0
CHEBI:15838,,0,0,0,0,0
CHEBI:17907,,0,0,0,0,0
CHEBI:15907,,0,0,0,0,0
CHEBI:16380,3 ,0,0,0,0,1
CHEBI:18009,,0,0,0,0,0
CHEBI:15353,,0,0,0,0,0
CHEBI:18129,,0,0,0,0,0
CHEBI:15930,,0,0,0,0,0
CHEBI:16048,,0,0,0,0,0
CHEBI:18240,,0,0,0,0,0
CHEBI:18415,,0,0,0,0,0
CHEBI:3756,,0,0,0,0,0
CHEBI:16967,,0,0,0,0,0
CHEBI:16067,,0,0,0,0,0
CHEBI:17382,,0,0,0,0,0
CHEBI:15516,,0,0,0,0,0
CHEBI:18307,,0,0,0,0,0
CHEBI:27428,,0,0,0,0,0
CHEBI:16470,,0,0,0,0,0
CHEBI:15890,,0,0,0,0,0
CHEBI:16948,,0,0,0,0,0
CHEBI:16720,,0,0,0,0,0
CHEBI:16656,,0,0,0,0,0
CHEBI:16243,,0,0,0,0,0
CHEBI:3716,,0,0,0,0,0
CHEBI:17359,,0,0,0,0,0
CHEBI:15547,,0,0,0,0,0
CHEBI:3112,,0,0,0,0,0
CHEBI:17793,,0,0,0,0,0
CHEBI:15590,,0,0,0,0,0
CHEBI:17828,,0,0,0,0,0
CHEBI:16731,,0,0,0,0,0
CHEBI:18197,,0,0,0,0,0
CHEBI:15999,,0,0,0,0,0
CHEBI:15711,,0,0,0,0,0
CHEBI:18410,,0,0,0,0,0
CHEBI:17221,,0,0,0,0,0
CHEBI:16877,,0,0,0,0,0
CHEBI:16210,,0,0,0,0,0
CHEBI:17533,,0,0,0,0,0
CHEBI:15504,,0,0,0,0,0
CHEBI:16511,,0,0,0,0,0
CHEBI:16652,,0,0,0,0,0
CHEBI:16137,,0,0,0,0,0
CHEBI:15934,,0,0,0,0,0
CHEBI:9215,,0,0,0,0,0
CHEBI:15556,,0,0,0,0,0
CHEBI:2686,,0,0,0,0,0
CHEBI:17661,,0,0,0,0,0
CHEBI:7798,,0,0,0,0,0
CHEBI:16749,,0,0,0,0,0
CHEBI:15925,,0,0,0,0,0
CHEBI:17104,,0,0,0,0,0
CHEBI:15728,,0,0,0,0,0
CHEBI:18113,,0,0,0,0,0
CHEBI:17213,,0,0,0,0,0
CHEBI:17687,,0,0,0,0,0
CHEBI:15337,,0,0,0,0,0
CHEBI:17874,,0,0,0,0,0
CHEBI:15463,,0,0,0,0,0
CHEBI:16413,,0,0,0,0,0
CHEBI:16689,,0,0,0,0,0
CHEBI:15499,,0,0,0,0,0
CHEBI:15878,,0,0,0,0,0
CHEBI:16148,,0,0,0,0,0
CHEBI:16230,,0,0,0,0,0
CHEBI:2631,,0,0,0,0,0
CHEBI:15386,,0,0,0,0,0
CHEBI:17312,,0,0,0,0,0
CHEBI:15661,,0,0,0,0,0
CHEBI:16709,,0,0,0,0,0
CHEBI:16863,,0,0,0,0,0
CHEBI:18153,,0,0,0,0,0
CHEBI:15807,,0,0,0,0,0
CHEBI:16549,,0,0,0,0,0
CHEBI:27462,,0,0,0,0,0
CHEBI:5721,,0,0,0,0,0
CHEBI:17769,,0,0,0,0,0
CHEBI:3523,,0,0,0,0,0
CHEBI:18288,,0,0,0,0,0
CHEBI:16770,,0,0,0,0,0
CHEBI:16237,,0,0,0,0,0
CHEBI:3996,,0,0,0,0,0
CHEBI:17130,,0,0,0,0,0
CHEBI:16639,,0,0,0,0,0
CHEBI:27389,,0,0,0,0,0
CHEBI:16496,,0,0,0,0,0
CHEBI:16926,,0,0,0,0,0
CHEBI:16569,,0,0,0,0,0
CHEBI:17078,,0,0,0,0,0
CHEBI:16053,,0,0,0,0,0
CHEBI:17019,,0,0,0,0,0
CHEBI:16895,,0,0,0,0,0
CHEBI:17854,,0,0,0,0,0
CHEBI:15677,,0,0,0,0,0
CHEBI:4562,4 ,0,0,0,1,0
CHEBI:16718,,0,0,0,0,0
CHEBI:15769,,0,0,0,0,0
CHEBI:17000,,0,0,0,0,0
CHEBI:17199,,0,0,0,0,0
CHEBI:16040,,0,0,0,0,0
CHEBI:16593,,0,0,0,0,0
CHEBI:27448,,0,0,0,0,0
CHEBI:15854,0 ,1,0,0,0,0
CHEBI:15798,,0,0,0,0,0
CHEBI:16113,,0,0,0,0,0
CHEBI:10447,,0,0,0,0,0
CHEBI:3387,,0,0,0,0,0
CHEBI:15492,,0,0,0,0,0
CHEBI:16358,,0,0,0,0,0
CHEBI:17195,,0,0,0,0,0
CHEBI:3485,,0,0,0,0,0
CHEBI:16036,,0,0,0,0,0
CHEBI:15692,4 ,0,0,0,2,0
CHEBI:16699,,0,0,0,0,0
CHEBI:15917,,0,0,0,0,0
CHEBI:16566,,0,0,0,0,0
CHEBI:7789,,0,0,0,0,0
CHEBI:16831,,0,0,0,0,0
CHEBI:18394,,0,0,0,0,0
CHEBI:16128,,0,0,0,0,0
CHEBI:11449,,0,0,0,0,0
CHEBI:9362,,0,0,0,0,0
CHEBI:16168,,0,0,0,0,0
CHEBI:16314,,0,0,0,0,0
CHEBI:15742,,0,0,0,0,0
CHEBI:3537,,0,0,0,0,0
CHEBI:16345,,0,0,0,0,0
CHEBI:16141,,0,0,0,0,0
CHEBI:15602,,0,0,0,0,0
CHEBI:17279,,0,0,0,0,0
CHEBI:18027,,0,0,0,0,0
CHEBI:6897,,0,0,0,0,0
CHEBI:17162,,0,0,0,0,0
CHEBI:17441,,0,0,0,0,0
CHEBI:15770,,0,0,0,0,0
CHEBI:15425,,0,0,0,0,0
CHEBI:16548,3 ,0,0,0,0,8
CHEBI:17665,,0,0,0,0,0
CHEBI:17394,,0,0,0,0,0
CHEBI:16780,,0,0,0,0,0
CHEBI:16830,,0,0,0,0,0
CHEBI:16889,,0,0,0,0,0
CHEBI:15659,,0,0,0,0,0
CHEBI:16976,,0,0,0,0,0
CHEBI:15664,,0,0,0,0,0
CHEBI:15472,,0,0,0,0,0
CHEBI:15403,,0,0,0,0,0
CHEBI:21412,,0,0,0,0,0
CHEBI:17778,,0,0,0,0,0
CHEBI:16622,,0,0,0,0,0
CHEBI:17646,,0,0,0,0,0
CHEBI:16011,,0,0,0,0,0
CHEBI:17467,,0,0,0,0,0
CHEBI:16998,,0,0,0,0,0
CHEBI:15601,,0,0,0,0,0
CHEBI:16063,,0,0,0,0,0
CHEBI:17741,,0,0,0,0,0
CHEBI:17786,,0,0,0,0,0
CHEBI:17460,,0,0,0,0,0
CHEBI:15566,,0,0,0,0,0
CHEBI:16134,,0,0,0,0,0
CHEBI:17129,,0,0,0,0,0
CHEBI:16091,,0,0,0,0,0
CHEBI:9997,,0,0,0,0,0
CHEBI:15902,,0,0,0,0,0
CHEBI:17219,,0,0,0,0,0
CHEBI:17065,,0,0,0,0,0
CHEBI:9118,,0,0,0,0,0
CHEBI:16568,,0,0,0,0,0
CHEBI:6909,,0,0,0,0,0
CHEBI:17075,,0,0,0,0,0
CHEBI:17072,,0,0,0,0,0
CHEBI:15924,,0,0,0,0,0
CHEBI:16308,,0,0,0,0,0
CHEBI:18234,,0,0,0,0,0
CHEBI:17641,,0,0,0,0,0
CHEBI:18150,,0,0,0,0,0
CHEBI:15427,,0,0,0,0,0
CHEBI:16836,,0,0,0,0,0
CHEBI:16324,4 ,1,4,0,2,0
CHEBI:25682,,0,0,0,0,0
CHEBI:17203,,0,0,0,0,0
CHEBI:18421,,0,0,0,0,0
CHEBI:17143,,0,0,0,0,0
CHEBI:15615,,0,0,0,0,0
CHEBI:8884,,0,0,0,0,0
CHEBI:15537,,0,0,0,0,0
CHEBI:17822,,0,0,0,0,0
CHEBI:16965,,0,0,0,0,0
CHEBI:16778,,0,0,0,0,0
CHEBI:17040,,0,0,0,0,0
CHEBI:4325,,0,0,0,0,0
CHEBI:15845,,0,0,0,0,0
CHEBI:16418,,0,0,0,0,0
CHEBI:24367,,0,0,0,0,0
CHEBI:16942,,0,0,0,0,0
CHEBI:15996,,0,0,0,0,0
CHEBI:15976,,0,0,0,0,0
CHEBI:3696,,0,0,0,0,0
CHEBI:18329,,0,0,0,0,0
CHEBI:21695,,0,0,0,0,0
CHEBI:16883,,0,0,0,0,0
CHEBI:18285,,0,0,0,0,0
CHEBI:15693,,0,0,0,0,0
CHEBI:27432,,0,0,0,0,0
CHEBI:15419,,0,0,0,0,0
CHEBI:15475,,0,0,0,0,0
CHEBI:16785,,0,0,0,0,0
CHEBI:15938,,0,0,0,0,0
CHEBI:16004,,0,0,0,0,0
CHEBI:16505,,0,0,0,0,0
CHEBI:1148,,0,0,0,0,0
CHEBI:16235,,0,0,0,0,0
CHEBI:3240,,0,0,0,0,0
CHEBI:18094,,0,0,0,0,0
CHEBI:17594,,0,0,0,0,0
CHEBI:1296,,0,0,0,0,0
CHEBI:15673,,0,0,0,0,0
CHEBI:15523,,0,0,0,0,0
CHEBI:16497,,0,0,0,0,0
CHEBI:27391,,0,0,0,0,0
CHEBI:16775,,0,0,0,0,0
CHEBI:9468,,0,0,0,0,0
CHEBI:17379,,0,0,0,0,0
CHEBI:15707,,0,0,0,0,0
CHEBI:15366,,0,0,0,0,0
CHEBI:15372,,0,0,0,0,0
CHEBI:16892,,0,0,0,0,0
CHEBI:16504,,0,0,0,0,0
CHEBI:17784,,0,0,0,0,0
CHEBI:4778,,0,0,0,0,0
CHEBI:17381,,0,0,0,0,0
CHEBI:15749,,0,0,0,0,0
CHEBI:15987,,0,0,0,0,0
CHEBI:17811,,0,0,0,0,0
CHEBI:17688,,0,0,0,0,0
CHEBI:15361,,0,0,0,0,0
CHEBI:17217,,0,0,0,0,0
CHEBI:17125,,0,0,0,0,0
CHEBI:16473,,0,0,0,0,0
CHEBI:17927,,0,0,0,0,0
CHEBI:16870,,0,0,0,0,0
CHEBI:15745,,0,0,0,0,0
CHEBI:27380,,0,0,0,0,0
CHEBI:17643,,0,0,0,0,0
CHEBI:18370,,0,0,0,0,0
CHEBI:17433,,0,0,0,0,0
CHEBI:6121,,0,0,0,0,0
CHEBI:15586,,0,0,0,0,0
CHEBI:16466,,0,0,0,0,0
CHEBI:15453,,0,0,0,0,0
CHEBI:18388,,0,0,0,0,0
CHEBI:17044,,0,0,0,0,0
CHEBI:17632,,0,0,0,0,0
CHEBI:15495,,0,0,0,0,0
CHEBI:7627,,0,0,0,0,0
CHEBI:16209,,0,0,0,0,0
CHEBI:16536,,0,0,0,0,0
CHEBI:17027,,0,0,0,0,0
CHEBI:15901,,0,0,0,0,0
CHEBI:17045,,0,0,0,0,0
CHEBI:4904,,0,0,0,0,0
CHEBI:16987,,0,0,0,0,0
CHEBI:3720,,0,0,0,0,0
CHEBI:16603,,0,0,0,0,0
CHEBI:7569,,0,0,0,0,0
CHEBI:4354,,0,0,0,0,0
CHEBI:8881,,0,0,0,0,0
CHEBI:16439,,0,0,0,0,0
CHEBI:3216,4 ,1,3,2,1,2
CHEBI:15739,,0,0,0,0,0
CHEBI:15651,,0,0,0,0,0
CHEBI:17728,,0,0,0,0,0
CHEBI:15440,,0,0,0,0,0
CHEBI:16074,,0,0,0,0,0
CHEBI:18112,,0,0,0,0,0
CHEBI:18261,,0,0,0,0,0
CHEBI:18396,,0,0,0,0,0
CHEBI:16675,,0,0,0,0,0
CHEBI:16990,,0,0,0,0,0
CHEBI:16848,,0,0,0,0,0
CHEBI:17241,,0,0,0,0,0
CHEBI:17285,,0,0,0,0,0
CHEBI:17470,,0,0,0,0,0
CHEBI:27399,,0,0,0,0,0
CHEBI:25858,,0,0,0,0,0
CHEBI:17862,,0,0,0,0,0
CHEBI:16163,,0,0,0,0,0
CHEBI:17096,,0,0,0,0,0
CHEBI:1269,,0,0,0,0,0
CHEBI:15886,,0,0,0,0,0
CHEBI:17579,,0,0,0,0,0
CHEBI:17121,,0,0,0,0,0
CHEBI:17136,,0,0,0,0,0
CHEBI:15640,,0,0,0,0,0
CHEBI:18127,,0,0,0,0,0
CHEBI:17780,,0,0,0,0,0
CHEBI:15342,4 ,0,0,0,1,0
CHEBI:18083,,0,0,0,0,0
CHEBI:15621,,0,0,0,0,0
CHEBI:15724,,0,0,0,0,0
CHEBI:8048,,0,0,0,0,0
CHEBI:16595,,0,0,0,0,0
CHEBI:16383,,0,0,0,0,0
CHEBI:17165,,0,0,0,0,0
CHEBI:17132,,0,0,0,0,0
CHEBI:15936,,0,0,0,0,0
CHEBI:16791,1 ,1,4,0,0,2
CHEBI:17257,,0,0,0,0,0
CHEBI:15588,,0,0,0,0,0
CHEBI:6698,,0,0,0,0,0
CHEBI:4821,4 ,0,0,0,1,0
CHEBI:18168,,0,0,0,0,0
CHEBI:18917,,0,0,0,0,0
CHEBI:18118,,0,0,0,0,0
CHEBI:16292,,0,0,0,0,0
CHEBI:17059,,0,0,0,0,0
CHEBI:17205,,0,0,0,0,0
CHEBI:17798,,0,0,0,0,0
CHEBI:16755,,0,0,0,0,0
CHEBI:18238,,0,0,0,0,0
CHEBI:16995,,0,0,0,0,0
CHEBI:17610,,0,0,0,0,0
CHEBI:5163,,0,0,0,0,0
CHEBI:15633,,0,0,0,0,0
CHEBI:15947,,0,0,0,0,0
CHEBI:18239,,0,0,0,0,0
CHEBI:18427,,0,0,0,0,0
CHEBI:16821,,0,0,0,0,0
CHEBI:18405,,0,0,0,0,0
CHEBI:18363,,0,0,0,0,0
CHEBI:18351,,0,0,0,0,0
CHEBI:16696,,0,0,0,0,0
CHEBI:17801,,0,0,0,0,0
CHEBI:16583,,0,0,0,0,0
CHEBI:18131,,0,0,0,0,0
CHEBI:3663,,0,0,0,0,0
CHEBI:16287,,0,0,0,0,0
CHEBI:17755,,0,0,0,0,0
CHEBI:17989,,0,0,0,0,0
CHEBI:16958,,0,0,0,0,0
CHEBI:16488,,0,0,0,0,0
CHEBI:9368,,0,0,0,0,0
CHEBI:15781,,0,0,0,0,0
CHEBI:3493,,0,0,0,0,0
CHEBI:15614,,0,0,0,0,0
CHEBI:16331,,0,0,0,0,0
CHEBI:15449,,0,0,0,0,0
CHEBI:21371,,0,0,0,0,0
CHEBI:16261,,0,0,0,0,0
CHEBI:15896,,0,0,0,0,0
CHEBI:16557,,0,0,0,0,0
CHEBI:15821,,0,0,0,0,0
CHEBI:17146,,0,0,0,0,0
CHEBI:17291,,0,0,0,0,0
CHEBI:15487,,0,0,0,0,0
CHEBI:16651,,0,0,0,0,0
CHEBI:18227,,0,0,0,0,0
CHEBI:17897,,0,0,0,0,0
CHEBI:15862,,0,0,0,0,0
CHEBI:5445,,0,0,0,0,0
CHEBI:15911,,0,0,0,0,0
CHEBI:15485,,0,0,0,0,0
CHEBI:17464,,0,0,0,0,0
CHEBI:27373,,0,0,0,0,0
CHEBI:17520,,0,0,0,0,0
CHEBI:16093,,0,0,0,0,0
CHEBI:16620,,0,0,0,0,0
CHEBI:15816,,0,0,0,0,0
CHEBI:15643,,0,0,0,0,0
CHEBI:16846,,0,0,0,0,0
CHEBI:15670,,0,0,0,0,0
CHEBI:17976,,0,0,0,0,0
CHEBI:15916,,0,0,0,0,0
CHEBI:16766,,0,0,0,0,0
CHEBI:27392,,0,0,0,0,0
CHEBI:17328,,0,0,0,0,0
CHEBI:16763,,0,0,0,0,0
CHEBI:16510,,0,0,0,0,0
CHEBI:16409,,0,0,0,0,0
CHEBI:15481,,0,0,0,0,0
CHEBI:17619,,0,0,0,0,0
CHEBI:15937,,0,0,0,0,0
CHEBI:17346,,0,0,0,0,0
CHEBI:16001,,0,0,0,0,0
CHEBI:15655,,0,0,0,0,0
CHEBI:27413,,0,0,0,0,0
CHEBI:16968,,0,0,0,0,0
CHEBI:16017,,0,0,0,0,0
CHEBI:16313,,0,0,0,0,0
CHEBI:23965,,0,0,0,0,0
CHEBI:16943,,0,0,0,0,0
CHEBI:4909,,0,0,0,0,0
CHEBI:17684,,0,0,0,0,0
CHEBI:17750,,0,0,0,0,0
CHEBI:15696,,0,0,0,0,0
CHEBI:16773,,0,0,0,0,0
CHEBI:16172,,0,0,0,0,0
CHEBI:16460,,0,0,0,0,0
CHEBI:16390,,0,0,0,0,0
CHEBI:18333,,0,0,0,0,0
CHEBI:16542,,0,0,0,0,0
CHEBI:8069,,0,0,0,0,0
CHEBI:15860,,0,0,0,0,0
CHEBI:15553,,0,0,0,0,0
CHEBI:16803,,0,0,0,0,0
CHEBI:17540,,0,0,0,0,0
CHEBI:3499,,0,0,0,0,0
CHEBI:16408,1 ,1,4,0,0,2
CHEBI:16099,,0,0,0,0,0
CHEBI:17502,,0,0,0,0,0
CHEBI:4513,,0,0,0,0,0
CHEBI:16404,,0,0,0,0,0
CHEBI:16607,,0,0,0,0,0
CHEBI:15538,,0,0,0,0,0
CHEBI:16138,,0,0,0,0,0
CHEBI:17868,,0,0,0,0,0
CHEBI:17609,,0,0,0,0,0
CHEBI:16861,,0,0,0,0,0
CHEBI:17276,,0,0,0,0,0
CHEBI:16704,,0,0,0,0,0
CHEBI:16645,,0,0,0,0,0
CHEBI:19030,,0,0,0,0,0
CHEBI:17867,,0,0,0,0,0
CHEBI:9287,,0,0,0,0,0
CHEBI:15645,,0,0,0,0,0
CHEBI:18152,,0,0,0,0,0
CHEBI:17068,,0,0,0,0,0
CHEBI:16019,,0,0,0,0,0
CHEBI:16190,,0,0,0,0,0
CHEBI:9688,,0,0,0,0,0
CHEBI:17138,,0,0,0,0,0
CHEBI:15977,,0,0,0,0,0
CHEBI:17552,,0,0,0,0,0
CHEBI:15525,,0,0,0,0,0
CHEBI:17953,,0,0,0,0,0
CHEBI:16317,,0,0,0,0,0
CHEBI:16437,,0,0,0,0,0
CHEBI:17585,,0,0,0,0,0
CHEBI:15933,,0,0,0,0,0
CHEBI:165,,0,0,0,0,0
CHEBI:16871,,0,0,0,0,0
CHEBI:17550,,0,0,0,0,0
CHEBI:17485,,0,0,0,0,0
CHEBI:17026,,0,0,0,0,0
CHEBI:1233,,0,0,0,0,0
CHEBI:18243,,0,0,0,0,0
CHEBI:16797,,0,0,0,0,0
CHEBI:17945,,0,0,0,0,0
CHEBI:16582,,0,0,0,0,0
CHEBI:16628,,0,0,0,0,0
CHEBI:17039,,0,0,0,0,0
CHEBI:3994,,0,0,0,0,0
CHEBI:16384,,0,0,0,0,0
CHEBI:18429,,0,0,0,0,0
CHEBI:15603,,0,0,0,0,0
CHEBI:17709,,0,0,0,0,0
CHEBI:15717,,0,0,0,0,0
CHEBI:16885,,0,0,0,0,0
CHEBI:16471,,0,0,0,0,0
CHEBI:16097,,0,0,0,0,0
CHEBI:15396,,0,0,0,0,0
CHEBI:17791,,0,0,0,0,0
CHEBI:16213,,0,0,0,0,0
CHEBI:17036,,0,0,0,0,0
CHEBI:17573,,0,0,0,0,0
CHEBI:17735,,0,0,0,0,0
CHEBI:16487,,0,0,0,0,0
CHEBI:90,,0,0,0,0,0
CHEBI:9671,,0,0,0,0,0
CHEBI:15905,,0,0,0,0,0
CHEBI:16118,,0,0,0,0,0
CHEBI:5091,,0,0,0,0,0
CHEBI:15583,,0,0,0,0,0
CHEBI:17699,3 ,0,0,0,0,1
CHEBI:15544,,0,0,0,0,0
CHEBI:4887,,0,0,0,0,0
CHEBI:15668,,0,0,0,0,0
CHEBI:15414,,0,0,0,0,0
CHEBI:17911,,0,0,0,0,0
CHEBI:17420,,0,0,0,0,0
CHEBI:15931,,0,0,0,0,0
CHEBI:16531,,0,0,0,0,0
CHEBI:6339,,0,0,0,0,0
CHEBI:16217,,0,0,0,0,0
CHEBI:17631,,0,0,0,0,0
CHEBI:9241,,0,0,0,0,0
CHEBI:16929,,0,0,0,0,0
CHEBI:15466,,0,0,0,0,0
CHEBI:16231,,0,0,0,0,0
CHEBI:16351,,0,0,0,0,0
CHEBI:17990,,0,0,0,0,0
CHEBI:16410,,0,0,0,0,0
CHEBI:17113,,0,0,0,0,0
CHEBI:18157,,0,0,0,0,0
CHEBI:20110,,0,0,0,0,0
CHEBI:15846,,0,0,0,0,0
CHEBI:15648,,0,0,0,0,0
CHEBI:17982,,0,0,0,0,0
CHEBI:18383,,0,0,0,0,0
CHEBI:15957,,0,0,0,0,0
CHEBI:18193,,0,0,0,0,0
CHEBI:17181,,0,0,0,0,0
CHEBI:15754,,0,0,0,0,0
CHEBI:3650,,0,0,0,0,0
CHEBI:16000,,0,0,0,0,0
CHEBI:17457,,0,0,0,0,0
CHEBI:17838,,0,0,0,0,0
CHEBI:16547,,0,0,0,0,0
CHEBI:16812,,0,0,0,0,0
CHEBI:16229,,0,0,0,0,0
CHEBI:17009,,0,0,0,0,0
CHEBI:5000,,0,0,0,0,0
CHEBI:15687,,0,0,0,0,0
CHEBI:17194,,0,0,0,0,0
CHEBI:18030,,0,0,0,0,0
CHEBI:15545,,0,0,0,0,0
CHEBI:16515,,0,0,0,0,0
CHEBI:16382,,0,0,0,0,0
CHEBI:15801,,0,0,0,0,0
CHEBI:17180,,0,0,0,0,0
CHEBI:15409,,0,0,0,0,0
CHEBI:18236,,0,0,0,0,0
CHEBI:18092,,0,0,0,0,0
CHEBI:17048,,0,0,0,0,0
CHEBI:16154,,0,0,0,0,0
CHEBI:16057,,0,0,0,0,0
CHEBI:15653,,0,0,0,0,0
CHEBI:25461,,0,0,0,0,0
CHEBI:17063,,0,0,0,0,0
CHEBI:17717,,0,0,0,0,0
CHEBI:17323,,0,0,0,0,0
CHEBI:16233,,0,0,0,0,0
CHEBI:16290,,0,0,0,0,0
CHEBI:15388,,0,0,0,0,0
CHEBI:15502,,0,0,0,0,0
CHEBI:18257,,0,0,0,0,0
CHEBI:16744,,0,0,0,0,0
CHEBI:9442,,0,0,0,0,0
CHEBI:8107,,0,0,0,0,0
CHEBI:15389,,0,0,0,0,0
CHEBI:17892,,0,0,0,0,0
CHEBI:16820,,0,0,0,0,0
CHEBI:17602,,0,0,0,0,0
CHEBI:17597,,0,0,0,0,0
CHEBI:15387,,0,0,0,0,0
CHEBI:17713,,0,0,0,0,0
CHEBI:17605,,0,0,0,0,0
CHEBI:15338,,0,0,0,0,0
CHEBI:18252,,0,0,0,0,0
CHEBI:16964,,0,0,0,0,0
CHEBI:17453,,0,0,0,0,0
CHEBI:16908,,0,0,0,0,0
CHEBI:15723,,0,0,0,0,0
CHEBI:15510,,0,0,0,0,0
CHEBI:17682,,0,0,0,0,0
CHEBI:16881,,0,0,0,0,0
CHEBI:17172,,0,0,0,0,0
CHEBI:17214,,0,0,0,0,0
CHEBI:16787,,0,0,0,0,0
CHEBI:15552,,0,0,0,0,0
CHEBI:15483,,0,0,0,0,0
CHEBI:16246,,0,0,0,0,0
CHEBI:18013,,0,0,0,0,0
CHEBI:17417,,0,0,0,0,0
CHEBI:15410,,0,0,0,0,0
CHEBI:15776,,0,0,0,0,0
CHEBI:17942,,0,0,0,0,0
CHEBI:16435,,0,0,0,0,0
CHEBI:16421,,0,0,0,0,0
CHEBI:15825,,0,0,0,0,0
CHEBI:18002,,0,0,0,0,0
CHEBI:15576,,0,0,0,0,0
CHEBI:16660,,0,0,0,0,0
CHEBI:16260,,0,0,0,0,0
CHEBI:17642,,0,0,0,0,0
CHEBI:15555,,0,0,0,0,0
CHEBI:16032,,0,0,0,0,0
CHEBI:18385,,0,0,0,0,0
CHEBI:16427,,0,0,0,0,0
CHEBI:13769,,0,0,0,0,0
CHEBI:17437,,0,0,0,0,0
CHEBI:15892,,0,0,0,0,0
CHEBI:16482,,0,0,0,0,0
CHEBI:17254,,0,0,0,0,0
CHEBI:18123,,0,0,0,0,0
CHEBI:17919,,0,0,0,0,0
CHEBI:18248,,0,0,0,0,0
CHEBI:16106,,0,0,0,0,0
CHEBI:16764,,0,0,0,0,0
CHEBI:15994,,0,0,0,0,0
CHEBI:15773,,0,0,0,0,0
CHEBI:17033,,0,0,0,0,0
CHEBI:15521,,0,0,0,0,0
CHEBI:16703,,0,0,0,0,0
CHEBI:15595,,0,0,0,0,0
CHEBI:18219,,0,0,0,0,0
CHEBI:18204,,0,0,0,0,0
CHEBI:16530,,0,0,0,0,0
CHEBI:16310,,0,0,0,0,0
CHEBI:18205,,0,0,0,0,0
CHEBI:16363,,0,0,0,0,0
CHEBI:17885,,0,0,0,0,0
CHEBI:17689,,0,0,0,0,0
CHEBI:16669,,0,0,0,0,0
CHEBI:16034,,0,0,0,0,0
CHEBI:15863,,0,0,0,0,0
CHEBI:18042,,0,0,0,0,0
CHEBI:2682,,0,0,0,0,0
CHEBI:18206,,0,0,0,0,0
CHEBI:4946,,0,0,0,0,0
CHEBI:15536,,0,0,0,0,0
CHEBI:17839,,0,0,0,0,0
CHEBI:16508,,0,0,0,0,0
CHEBI:17751,,0,0,0,0,0
CHEBI:18290,,0,0,0,0,0
CHEBI:16615,,0,0,0,0,0
CHEBI:16698,,0,0,0,0,0
CHEBI:16739,,0,0,0,0,0
CHEBI:18202,,0,0,0,0,0
CHEBI:16843,,0,0,0,0,0
CHEBI:4495,,0,0,0,0,0
CHEBI:16027,,0,0,0,0,0
CHEBI:16828,,0,0,0,0,0
CHEBI:7638,,0,0,0,0,0
CHEBI:17365,,0,0,0,0,0
CHEBI:15506,,0,0,0,0,0
CHEBI:17079,,0,0,0,0,0
CHEBI:18040,,0,0,0,0,0
CHEBI:7438,,0,0,0,0,0
CHEBI:27388,,0,0,0,0,0
CHEBI:17069,,0,0,0,0,0
CHEBI:15452,,0,0,0,0,0
CHEBI:18420,,0,0,0,0,0
CHEBI:27446,,0,0,0,0,0
CHEBI:16668,,0,0,0,0,0
CHEBI:27430,,0,0,0,0,0
CHEBI:16392,,0,0,0,0,0
CHEBI:15760,,0,0,0,0,0
CHEBI:17532,,0,0,0,0,0
CHEBI:15820,,0,0,0,0,0
CHEBI:27385,,0,0,0,0,0
CHEBI:18007,,0,0,0,0,0
CHEBI:27371,,0,0,0,0,0
CHEBI:17847,,0,0,0,0,0
CHEBI:16222,,0,0,0,0,0
CHEBI:16305,,0,0,0,0,0
CHEBI:18081,,0,0,0,0,0
CHEBI:15363,,0,0,0,0,0
CHEBI:17926,,0,0,0,0,0
CHEBI:16264,,0,0,0,0,0
CHEBI:3395,,0,0,0,0,0
CHEBI:7447,,0,0,0,0,0
CHEBI:18306,,0,0,0,0,0
CHEBI:17794,,0,0,0,0,0
CHEBI:27382,,0,0,0,0,0
CHEBI:17967,,0,0,0,0,0
CHEBI:17294,,0,0,0,0,0
CHEBI:15551,,0,0,0,0,0
CHEBI:15411,,0,0,0,0,0
CHEBI:16855,,0,0,0,0,0
CHEBI:16913,,0,0,0,0,0
CHEBI:17309,,0,0,0,0,0
CHEBI:15345,,0,0,0,0,0
CHEBI:16507,,0,0,0,0,0
CHEBI:16985,,0,0,0,0,0
CHEBI:18300,,0,0,0,0,0
CHEBI:17419,,0,0,0,0,0
CHEBI:17767,,0,0,0,0,0
CHEBI:15793,,0,0,0,0,0
CHEBI:15457,,0,0,0,0,0
CHEBI:16112,,0,0,0,0,0
CHEBI:15533,,0,0,0,0,0
CHEBI:17122,,0,0,0,0,0
CHEBI:16555,,0,0,0,0,0
CHEBI:15882,,0,0,0,0,0
CHEBI:15819,,0,0,0,0,0
CHEBI:15641,,0,0,0,0,0
CHEBI:17998,,0,0,0,0,0
CHEBI:17830,,0,0,0,0,0
CHEBI:17905,,0,0,0,0,0
CHEBI:17296,,0,0,0,0,0
CHEBI:17192,,0,0,0,0,0
CHEBI:16375,,0,0,0,0,0
CHEBI:17028,,0,0,0,0,0
CHEBI:16129,,0,0,0,0,0
CHEBI:16098,,0,0,0,0,0
CHEBI:5004,,0,0,0,0,0
CHEBI:18171,,0,0,0,0,0
CHEBI:17281,,0,0,0,0,0
CHEBI:15484,,0,0,0,0,0
CHEBI:17650,,0,0,0,0,0
CHEBI:4916,,0,0,0,0,0
CHEBI:16101,,0,0,0,0,0
CHEBI:2956,,0,0,0,0,0
CHEBI:15581,,0,0,0,0,0
CHEBI:5722,,0,0,0,0,0
CHEBI:17071,,0,0,0,0,0
CHEBI:16693,,0,0,0,0,0
CHEBI:16008,,0,0,0,0,0
CHEBI:16933,,0,0,0,0,0
CHEBI:17154,,0,0,0,0,0
CHEBI:16827,,0,0,0,0,0
CHEBI:15382,,0,0,0,0,0
CHEBI:15573,,0,0,0,0,0
CHEBI:18355,,0,0,0,0,0
CHEBI:15399,,0,0,0,0,0
CHEBI:15424,,0,0,0,0,0
CHEBI:16525,,0,0,0,0,0
CHEBI:18120,,0,0,0,0,0
CHEBI:18185,,0,0,0,0,0
CHEBI:17426,,0,0,0,0,0
CHEBI:15978,,0,0,0,0,0
CHEBI:17553,,0,0,0,0,0
CHEBI:17140,,0,0,0,0,0
CHEBI:17442,,0,0,0,0,0
CHEBI:15598,,0,0,0,0,0
CHEBI:16221,,0,0,0,0,0
CHEBI:3303,,0,0,0,0,0
CHEBI:27411,,0,0,0,0,0
CHEBI:15394,,0,0,0,0,0
CHEBI:17333,,0,0,0,0,0
CHEBI:17865,,0,0,0,0,0
CHEBI:17443,,0,0,0,0,0
CHEBI:16959,,0,0,0,0,0
CHEBI:16028,,0,0,0,0,0
CHEBI:9190,,0,0,0,0,0
CHEBI:17041,,0,0,0,0,0
CHEBI:27439,,0,0,0,0,0
CHEBI:17895,,0,0,0,0,0
CHEBI:16981,,0,0,0,0,0
CHEBI:20331,,0,0,0,0,0
CHEBI:18220,,0,0,0,0,0
CHEBI:17590,,0,0,0,0,0
CHEBI:17577,,0,0,0,0,0
CHEBI:15591,,0,0,0,0,0
CHEBI:15942,,0,0,0,0,0
CHEBI:15416,,0,0,0,0,0
CHEBI:16299,,0,0,0,0,0
CHEBI:18138,,0,0,0,0,0
CHEBI:17633,,0,0,0,0,0
CHEBI:16342,,0,0,0,0,0
CHEBI:4784,,0,0,0,0,0
CHEBI:15906,,0,0,0,0,0
CHEBI:15782,,0,0,0,0,0
CHEBI:15920,,0,0,0,0,0
CHEBI:16702,,0,0,0,0,0
CHEBI:16494,,0,0,0,0,0
CHEBI:16537,,0,0,0,0,0
CHEBI:18104,,0,0,0,0,0
CHEBI:17621,,0,0,0,0,0
CHEBI:16387,,0,0,0,0,0
CHEBI:16904,,0,0,0,0,0
CHEBI:17667,,0,0,0,0,0
CHEBI:18036,,0,0,0,0,0
CHEBI:2030,,0,0,0,0,0
CHEBI:16546,,0,0,0,0,0
CHEBI:3900,,0,0,0,0,0
CHEBI:15470,,0,0,0,0,0
CHEBI:18298,,0,0,0,0,0
CHEBI:16535,,0,0,0,0,0
CHEBI:7489,,0,0,0,0,0
CHEBI:16326,,0,0,0,0,0
CHEBI:16079,,0,0,0,0,0
CHEBI:15554,,0,0,0,0,0
CHEBI:17827,,0,0,0,0,0
CHEBI:16691,,0,0,0,0,0
CHEBI:15578,,0,0,0,0,0
CHEBI:4788,,0,0,0,0,0
CHEBI:18395,,0,0,0,0,0
CHEBI:17869,,0,0,0,0,0
CHEBI:17025,,0,0,0,0,0
CHEBI:16750,,0,0,0,0,0
CHEBI:18014,,0,0,0,0,0
CHEBI:27375,3 ,0,0,0,0,1
CHEBI:15698,,0,0,0,0,0
CHEBI:15454,,0,0,0,0,0
CHEBI:4858,,0,0,0,0,0
CHEBI:18305,,0,0,0,0,0
CHEBI:17909,,0,0,0,0,0
CHEBI:17428,,0,0,0,0,0
CHEBI:15837,,0,0,0,0,0
CHEBI:17506,,0,0,0,0,0
CHEBI:18102,,0,0,0,0,0
CHEBI:17544,,0,0,0,0,0
CHEBI:7907,,0,0,0,0,0
CHEBI:9150,,0,0,0,0,0
CHEBI:15702,,0,0,0,0,0
CHEBI:17179,,0,0,0,0,0
CHEBI:18358,,0,0,0,0,0
CHEBI:17655,,0,0,0,0,0
CHEBI:16143,,0,0,0,0,0
CHEBI:4470,2 ,0,0,1,0,0
CHEBI:27049,,0,0,0,0,0
CHEBI:17639,,0,0,0,0,0
CHEBI:17406,,0,0,0,0,0
CHEBI:3319,,0,0,0,0,0
CHEBI:18064,,0,0,0,0,0
CHEBI:16095,,0,0,0,0,0
CHEBI:16941,,0,0,0,0,0
CHEBI:17497,,0,0,0,0,0
CHEBI:16265,,0,0,0,0,0
CHEBI:16182,,0,0,0,0,0
CHEBI:16712,,0,0,0,0,0
CHEBI:16664,,0,0,0,0,0
CHEBI:27405,,0,0,0,0,0
CHEBI:17057,,0,0,0,0,0
CHEBI:17344,,0,0,0,0,0
CHEBI:16343,,0,0,0,0,0
CHEBI:17376,,0,0,0,0,0
CHEBI:17560,,0,0,0,0,0
CHEBI:16774,,0,0,0,0,0
CHEBI:16551,,0,0,0,0,0
CHEBI:15954,,0,0,0,0,0
CHEBI:16767,,0,0,0,0,0
CHEBI:16393,,0,0,0,0,0
CHEBI:16579,,0,0,0,0,0
CHEBI:17133,,0,0,0,0,0
CHEBI:16253,,0,0,0,0,0
CHEBI:16302,,0,0,0,0,0
CHEBI:25879,,0,0,0,0,0
CHEBI:18134,,0,0,0,0,0
CHEBI:17475,,0,0,0,0,0
CHEBI:18095,,0,0,0,0,0
CHEBI:27372,,0,0,0,0,0
CHEBI:15966,,0,0,0,0,0
CHEBI:15564,,0,0,0,0,0
CHEBI:16193,,0,0,0,0,0
CHEBI:16268,,0,0,0,0,0
CHEBI:15577,,0,0,0,0,0
CHEBI:15843,,0,0,0,0,0
CHEBI:16405,,0,0,0,0,0
CHEBI:17431,,0,0,0,0,0
CHEBI:3642,,0,0,0,0,0
CHEBI:8772,,0,0,0,0,0
CHEBI:6757,,0,0,0,0,0
CHEBI:15943,,0,0,0,0,0
CHEBI:15628,,0,0,0,0,0
CHEBI:1734,,0,0,0,0,0
CHEBI:18242,,0,0,0,0,0
CHEBI:17649,,0,0,0,0,0
CHEBI:18401,,0,0,0,0,0
CHEBI:17985,,0,0,0,0,0
CHEBI:18293,,0,0,0,0,0
CHEBI:16135,,0,0,0,0,0
CHEBI:18322,,0,0,0,0,0
CHEBI:18189,,0,0,0,0,0
CHEBI:16610,,0,0,0,0,0
CHEBI:17447,,0,0,0,0,0
CHEBI:17536,,0,0,0,0,0
CHEBI:18428,,0,0,0,0,0
CHEBI:15423,,0,0,0,0,0
CHEBI:16813,,0,0,0,0,0
CHEBI:17337,,0,0,0,0,0
CHEBI:18160,,0,0,0,0,0
CHEBI:16495,,0,0,0,0,0
CHEBI:15619,,0,0,0,0,0
CHEBI:17196,,0,0,0,0,0
CHEBI:15663,,0,0,0,0,0
CHEBI:18025,,0,0,0,0,0
CHEBI:15929,,0,0,0,0,0
CHEBI:17404,,0,0,0,0,0
CHEBI:15428,,0,0,0,0,0
CHEBI:16514,,0,0,0,0,0
CHEBI:15786,,0,0,0,0,0
CHEBI:15571,,0,0,0,0,0
CHEBI:20833,,0,0,0,0,0
CHEBI:16479,,0,0,0,0,0
CHEBI:17436,,0,0,0,0,0
CHEBI:15918,,0,0,0,0,0
CHEBI:16092,,0,0,0,0,0
CHEBI:18062,,0,0,0,0,0
CHEBI:17901,,0,0,0,0,0
CHEBI:16591,,0,0,0,0,0
CHEBI:17797,,0,0,0,0,0
CHEBI:17128,,0,0,0,0,0
CHEBI:16085,,0,0,0,0,0
CHEBI:18046,,0,0,0,0,0
CHEBI:17243,,0,0,0,0,0
CHEBI:16165,,0,0,0,0,0
CHEBI:2700,,0,0,0,0,0
CHEBI:18224,,0,0,0,0,0
CHEBI:16894,,0,0,0,0,0
CHEBI:15395,,0,0,0,0,0
CHEBI:7959,,0,0,0,0,0
CHEBI:15713,,0,0,0,0,0
CHEBI:16932,,0,0,0,0,0
CHEBI:16934,,0,0,0,0,0
CHEBI:18237,,0,0,0,0,0
CHEBI:2873,,0,0,0,0,0
CHEBI:776,,0,0,0,0,0
CHEBI:17884,,0,0,0,0,0
CHEBI:16833,,0,0,0,0,0
CHEBI:18066,,0,0,0,0,0
CHEBI:16540,,0,0,0,0,0
CHEBI:17698,,0,0,0,0,0
CHEBI:16523,,0,0,0,0,0
CHEBI:17720,,0,0,0,0,0
CHEBI:17163,,0,0,0,0,0
CHEBI:18032,,0,0,0,0,0
CHEBI:15355,,0,0,0,0,0
CHEBI:15953,,0,0,0,0,0
CHEBI:17938,,0,0,0,0,0
CHEBI:17821,,0,0,0,0,0
CHEBI:27458,,0,0,0,0,0
CHEBI:18041,,0,0,0,0,0
CHEBI:17592,,0,0,0,0,0
CHEBI:18086,,0,0,0,0,0
CHEBI:17983,,0,0,0,0,0
CHEBI:27429,,0,0,0,0,0
CHEBI:15946,,0,0,0,0,0
CHEBI:15465,,0,0,0,0,0
CHEBI:16423,,0,0,0,0,0
CHEBI:18005,,0,0,0,0,0
CHEBI:16394,,0,0,0,0,0
CHEBI:15467,,0,0,0,0,0
CHEBI:18119,,0,0,0,0,0
CHEBI:17374,,0,0,0,0,0
CHEBI:17703,,0,0,0,0,0
CHEBI:17736,,0,0,0,0,0
CHEBI:16327,,0,0,0,0,0
CHEBI:18249,,0,0,0,0,0
CHEBI:17859,,0,0,0,0,0
CHEBI:16790,,0,0,0,0,0
CHEBI:16874,,0,0,0,0,0
CHEBI:17458,,0,0,0,0,0
CHEBI:17438,,0,0,0,0,0
CHEBI:15746,,0,0,0,0,0
CHEBI:16544,,0,0,0,0,0
CHEBI:15812,,0,0,0,0,0
CHEBI:15981,,0,0,0,0,0
CHEBI:15546,,0,0,0,0,0
CHEBI:15805,,0,0,0,0,0
CHEBI:18350,,0,0,0,0,0
CHEBI:18089,,0,0,0,0,0
CHEBI:16133,,0,0,0,0,0
CHEBI:17937,,0,0,0,0,0
CHEBI:17620,,0,0,0,0,0
CHEBI:16586,,0,0,0,0,0
CHEBI:16159,,0,0,0,0,0
CHEBI:16279,,0,0,0,0,0
CHEBI:18148,,0,0,0,0,0
CHEBI:17931,,0,0,0,0,0
CHEBI:18334,,0,0,0,0,0
CHEBI:16753,,0,0,0,0,0
CHEBI:18023,,0,0,0,0,0
CHEBI:15998,,0,0,0,0,0
CHEBI:15750,,0,0,0,0,0
CHEBI:16357,,0,0,0,0,0
CHEBI:17488,,0,0,0,0,0
CHEBI:18016,,0,0,0,0,0
CHEBI:16980,,0,0,0,0,0
CHEBI:17697,,0,0,0,0,0
CHEBI:16597,,0,0,0,0,0
CHEBI:16957,3 ,0,0,0,0,1
CHEBI:15415,,0,0,0,0,0
CHEBI:16962,,0,0,0,0,0
CHEBI:16899,,0,0,0,0,0
CHEBI:16054,,0,0,0,0,0
CHEBI:15542,,0,0,0,0,0
CHEBI:16461,,0,0,0,0,0
CHEBI:17519,,0,0,0,0,0
CHEBI:17537,,0,0,0,0,0
CHEBI:15393,,0,0,0,0,0
CHEBI:18199,,0,0,0,0,0
CHEBI:16954,,0,0,0,0,0
CHEBI:3749,,0,0,0,0,0
CHEBI:18314,,0,0,0,0,0
CHEBI:16872,,0,0,0,0,0
CHEBI:17678,,0,0,0,0,0
CHEBI:15784,,0,0,0,0,0
CHEBI:17325,,0,0,0,0,0
CHEBI:17185,,0,0,0,0,0
CHEBI:17752,,0,0,0,0,0
CHEBI:18362,3 ,0,0,0,0,1
CHEBI:17434,,0,0,0,0,0
CHEBI:17612,,0,0,0,0,0
CHEBI:9242,,0,0,0,0,0
CHEBI:6116,,0,0,0,0,0
CHEBI:16632,,0,0,0,0,0
CHEBI:15855,,0,0,0,0,0
CHEBI:7983,,0,0,0,0,0
CHEBI:17645,,0,0,0,0,0
CHEBI:15658,,0,0,0,0,0
CHEBI:22066,,0,0,0,0,0
CHEBI:18077,,0,0,0,0,0
CHEBI:17455,,0,0,0,0,0
CHEBI:16181,,0,0,0,0,0
CHEBI:17616,,0,0,0,0,0
CHEBI:15899,,0,0,0,0,0
CHEBI:18414,,0,0,0,0,0
CHEBI:16270,,0,0,0,0,0
CHEBI:15347,,0,0,0,0,0
CHEBI:15971,,0,0,0,0,0
CHEBI:18299,,0,0,0,0,0
CHEBI:17558,,0,0,0,0,0
CHEBI:16256,,0,0,0,0,0
CHEBI:16714,4 ,0,0,1,1,1
CHEBI:15963,,0,0,0,0,0
CHEBI:17996,,0,0,0,0,0
CHEBI:17680,,0,0,0,0,0
CHEBI:17589,,0,0,0,0,0
CHEBI:9578,,0,0,0,0,0
CHEBI:15948,,0,0,0,0,0
CHEBI:16825,,0,0,0,0,0
CHEBI:16087,,0,0,0,0,0
CHEBI:18130,,0,0,0,0,0
CHEBI:18315,,0,0,0,0,0
CHEBI:16325,,0,0,0,0,0
CHEBI:17598,,0,0,0,0,0
CHEBI:17120,,0,0,0,0,0
CHEBI:16323,,0,0,0,0,0
CHEBI:16643,,0,0,0,0,0
CHEBI:3558,,0,0,0,0,0
CHEBI:17706,,0,0,0,0,0
CHEBI:15903,,0,0,0,0,0
CHEBI:2790,,0,0,0,0,0
CHEBI:17474,,0,0,0,0,0
CHEBI:15380,,0,0,0,0,0
CHEBI:16458,,0,0,0,0,0
CHEBI:17814,,0,0,0,0,0
CHEBI:15375,,0,0,0,0,0
CHEBI:16939,,0,0,0,0,0
CHEBI:15334,,0,0,0,0,0
CHEBI:16556,,0,0,0,0,0
CHEBI:9727,,0,0,0,0,0
CHEBI:2877,,0,0,0,0,0
CHEBI:17372,3 ,1,4,0,0,2
CHEBI:16663,,0,0,0,0,0
CHEBI:16023,,0,0,0,0,0
CHEBI:17061,,0,0,0,0,0
CHEBI:15336,,0,0,0,0,0
CHEBI:18361,,0,0,0,0,0
CHEBI:16793,,0,0,0,0,0
CHEBI:16153,,0,0,0,0,0
CHEBI:17738,,0,0,0,0,0
CHEBI:15579,,0,0,0,0,0
CHEBI:16559,,0,0,0,0,0
CHEBI:17898,,0,0,0,0,0
CHEBI:18387,,0,0,0,0,0
CHEBI:16352,,0,0,0,0,0
CHEBI:17675,,0,0,0,0,0
CHEBI:15737,,0,0,0,0,0
CHEBI:16609,,0,0,0,0,0
CHEBI:15945,,0,0,0,0,0
CHEBI:4728,,0,0,0,0,0
CHEBI:16878,,0,0,0,0,0
CHEBI:16592,,0,0,0,0,0
CHEBI:15497,,0,0,0,0,0
CHEBI:15827,,0,0,0,0,0
CHEBI:18301,,0,0,0,0,0
CHEBI:15678,,0,0,0,0,0
CHEBI:7553,,0,0,0,0,0
CHEBI:16321,,0,0,0,0,0
CHEBI:17322,,0,0,0,0,0
CHEBI:17508,,0,0,0,0,0
CHEBI:17762,,0,0,0,0,0
CHEBI:17835,,0,0,0,0,0
CHEBI:17656,,0,0,0,0,0
CHEBI:18015,,0,0,0,0,0
CHEBI:16424,,0,0,0,0,0
CHEBI:15744,,0,0,0,0,0
CHEBI:16834,,0,0,0,0,0
CHEBI:15865,,0,0,0,0,0
CHEBI:16621,,0,0,0,0,0
CHEBI:943,,0,0,0,0,0
CHEBI:26137,0 ,1,0,0,0,0
CHEBI:15932,,0,0,0,0,0
CHEBI:16043,,0,0,0,0,0
CHEBI:17156,,0,0,0,0,0
CHEBI:15873,,0,0,0,0,0
CHEBI:27374,,0,0,0,0,0
CHEBI:19775,,0,0,0,0,0
CHEBI:16346,,0,0,0,0,0
CHEBI:5776,,0,0,0,0,0
CHEBI:16629,,0,0,0,0,0
CHEBI:2719,,0,0,0,0,0
CHEBI:3252,0 ,1,1,0,0,0
CHEBI:15844,,0,0,0,0,0
CHEBI:17781,,0,0,0,0,0
CHEBI:17042,,0,0,0,0,0
CHEBI:17754,,0,0,0,0,0
CHEBI:17405,,0,0,0,0,0
CHEBI:27455,,0,0,0,0,0
CHEBI:15842,,0,0,0,0,0
CHEBI:17883,,0,0,0,0,0
CHEBI:15950,,0,0,0,0,0
CHEBI:15565,,0,0,0,0,0
CHEBI:18345,,0,0,0,0,0
CHEBI:10038,,0,0,0,0,0
CHEBI:17535,,0,0,0,0,0
CHEBI:18297,,0,0,0,0,0
CHEBI:17734,4 ,0,0,0,1,0
CHEBI:4717,,0,0,0,0,0
CHEBI:17993,,0,0,0,0,0
CHEBI:15600,,0,0,0,0,0
CHEBI:16588,,0,0,0,0,0
CHEBI:16717,,0,0,0,0,0
CHEBI:17766,,0,0,0,0,0
CHEBI:18058,,0,0,0,0,0
CHEBI:15448,,0,0,0,0,0
CHEBI:15441,,0,0,0,0,0
CHEBI:15618,,0,0,0,0,0
CHEBI:15486,,0,0,0,0,0
CHEBI:16431,,0,0,0,0,0
CHEBI:15688,,0,0,0,0,0
CHEBI:17914,,0,0,0,0,0
CHEBI:16897,,0,0,0,0,0
CHEBI:16073,,0,0,0,0,0
CHEBI:17963,,0,0,0,0,0
CHEBI:5353,,0,0,0,0,0
CHEBI:18218,,0,0,0,0,0
CHEBI:16946,,0,0,0,0,0
CHEBI:17101,,0,0,0,0,0
CHEBI:16109,,0,0,0,0,0
CHEBI:15949,,0,0,0,0,0
CHEBI:16786,,0,0,0,0,0
CHEBI:17097,,0,0,0,0,0
CHEBI:16850,,0,0,0,0,0
CHEBI:4392,,0,0,0,0,0
CHEBI:17611,,0,0,0,0,0
CHEBI:17239,,0,0,0,0,0
CHEBI:17902,,0,0,0,0,0
CHEBI:17356,,0,0,0,0,0
CHEBI:16398,,0,0,0,0,0
CHEBI:15830,,0,0,0,0,0
CHEBI:6359,,0,0,0,0,0
CHEBI:17710,,0,0,0,0,0
CHEBI:17531,,0,0,0,0,0
CHEBI:16131,,0,0,0,0,0
CHEBI:18098,,0,0,0,0,0
CHEBI:11515,,0,0,0,0,0
CHEBI:17628,,0,0,0,0,0
CHEBI:18057,0 ,1,3,0,0,0
CHEBI:18187,,0,0,0,0,0
CHEBI:18172,,0,0,0,0,0
CHEBI:17397,,0,0,0,0,0
CHEBI:17625,,0,0,0,0,0
CHEBI:15675,,0,0,0,0,0
CHEBI:17147,,0,0,0,0,0
CHEBI:16887,,0,0,0,0,0
CHEBI:17876,4 ,1,4,0,2,0
CHEBI:17522,,0,0,0,0,0
CHEBI:17302,,0,0,0,0,0
CHEBI:27400,,0,0,0,0,0
CHEBI:16009,,0,0,0,0,0
CHEBI:18406,,0,0,0,0,0
CHEBI:16769,,0,0,0,0,0
CHEBI:27407,,0,0,0,0,0
CHEBI:15733,,0,0,0,0,0
CHEBI:17144,,0,0,0,0,0
CHEBI:15939,,0,0,0,0,0
CHEBI:15952,,0,0,0,0,0
CHEBI:16096,,0,0,0,0,0
CHEBI:16655,,0,0,0,0,0
CHEBI:16322,,0,0,0,0,0
CHEBI:15888,,0,0,0,0,0
CHEBI:16970,,0,0,0,0,0
CHEBI:5638,,0,0,0,0,0
CHEBI:17109,,0,0,0,0,0
CHEBI:18372,,0,0,0,0,0
CHEBI:16319,,0,0,0,0,0
CHEBI:17495,,0,0,0,0,0
CHEBI:17543,,0,0,0,0,0
CHEBI:17007,,0,0,0,0,0
CHEBI:18011,,0,0,0,0,0
CHEBI:16806,,0,0,0,0,0
CHEBI:3478,,0,0,0,0,0
CHEBI:17092,,0,0,0,0,0
CHEBI:15610,,0,0,0,0,0
CHEBI:17416,,0,0,0,0,0
CHEBI:21759,,0,0,0,0,0
CHEBI:16365,,0,0,0,0,0
CHEBI:17090,,0,0,0,0,0
CHEBI:15684,,0,0,0,0,0
CHEBI:6758,,0,0,0,0,0
CHEBI:17385,,0,0,0,0,0
CHEBI:17200,,0,0,0,0,0
CHEBI:15365,,0,0,0,0,0
CHEBI:17298,,0,0,0,0,0
CHEBI:16477,,0,0,0,0,0
CHEBI:17232,,0,0,0,0,0
CHEBI:27421,,0,0,0,0,0
CHEBI:9678,,0,0,0,0,0
CHEBI:17730,,0,0,0,0,0
CHEBI:27417,,0,0,0,0,0
CHEBI:16031,,0,0,0,0,0
CHEBI:17210,,0,0,0,0,0
CHEBI:18184,,0,0,0,0,0
CHEBI:18268,,0,0,0,0,0
CHEBI:3419,,0,0,0,0,0
CHEBI:15592,,0,0,0,0,0
CHEBI:27415,,0,0,0,0,0
CHEBI:15631,,0,0,0,0,0
CHEBI:18135,,0,0,0,0,0
CHEBI:17313,,0,0,0,0,0
CHEBI:16986,,0,0,0,0,0
CHEBI:17490,,0,0,0,0,0
CHEBI:18308,,0,0,0,0,0
CHEBI:16016,,0,0,0,0,0
CHEBI:16580,,0,0,0,0,0
CHEBI:17903,,0,0,0,0,0
CHEBI:17534,,0,0,0,0,0
CHEBI:5864,,0,0,0,0,0
CHEBI:16463,,0,0,0,0,0
CHEBI:17401,,0,0,0,0,0
CHEBI:16659,,0,0,0,0,0
CHEBI:15883,,0,0,0,0,0
CHEBI:24702,,0,0,0,0,0
CHEBI:16573,,0,0,0,0,0
CHEBI:15503,,0,0,0,0,0
CHEBI:15606,,0,0,0,0,0
CHEBI:3087,,0,0,0,0,0
CHEBI:18397,,0,0,0,0,0
CHEBI:17957,,0,0,0,0,0
CHEBI:17676,,0,0,0,0,0
CHEBI:16562,,0,0,0,0,0
CHEBI:16094,,0,0,0,0,0
CHEBI:24293,,0,0,0,0,0
CHEBI:18292,,0,0,0,0,0
CHEBI:16993,,0,0,0,0,0
CHEBI:4910,,0,0,0,0,0
CHEBI:15515,,0,0,0,0,0
CHEBI:16160,,0,0,0,0,0
CHEBI:16918,,0,0,0,0,0
CHEBI:2639,,0,0,0,0,0
CHEBI:16055,,0,0,0,0,0
CHEBI:17549,,0,0,0,0,0
CHEBI:16481,,0,0,0,0,0
CHEBI:15398,,0,0,0,0,0
CHEBI:15887,,0,0,0,0,0
CHEBI:17321,,0,0,0,0,0
CHEBI:18037,,0,0,0,0,0
CHEBI:16037,,0,0,0,0,0
CHEBI:17352,,0,0,0,0,0
CHEBI:18142,,0,0,0,0,0
CHEBI:16571,,0,0,0,0,0
CHEBI:16553,,0,0,0,0,0
CHEBI:15352,,0,0,0,0,0
CHEBI:17671,,0,0,0,0,0
CHEBI:17928,,0,0,0,0,0
CHEBI:15587,,0,0,0,0,0
CHEBI:17800,,0,0,0,0,0
CHEBI:18176,,0,0,0,0,0
CHEBI:17161,,0,0,0,0,0
CHEBI:6570,,0,0,0,0,0
CHEBI:15373,,0,0,0,0,0
CHEBI:17482,,0,0,0,0,0
CHEBI:15348,,0,0,0,0,0
CHEBI:18399,4 ,0,0,1,1,1
CHEBI:17845,,0,0,0,0,0
CHEBI:18039,,0,0,0,0,0
CHEBI:16631,,0,0,0,0,0
CHEBI:16283,,0,0,0,0,0
CHEBI:17507,,0,0,0,0,0
CHEBI:17391,,0,0,0,0,0
CHEBI:15868,,0,0,0,0,0
CHEBI:17098,,0,0,0,0,0
CHEBI:17415,,0,0,0,0,0
CHEBI:17607,,0,0,0,0,0
CHEBI:16598,,0,0,0,0,0
CHEBI:21818,,0,0,0,0,0
CHEBI:17282,,0,0,0,0,0
CHEBI:15498,,0,0,0,0,0
CHEBI:17842,,0,0,0,0,0
CHEBI:16151,,0,0,0,0,0
CHEBI:15867,,0,0,0,0,0
CHEBI:16415,,0,0,0,0,0
CHEBI:15354,,0,0,0,0,0
CHEBI:16170,,0,0,0,0,0
CHEBI:16818,,0,0,0,0,0
CHEBI:16285,,0,0,0,0,0
CHEBI:17076,,0,0,0,0,0
CHEBI:10041,,0,0,0,0,0
CHEBI:18139,,0,0,0,0,0
CHEBI:17248,,0,0,0,0,0
CHEBI:16784,,0,0,0,0,0
CHEBI:17287,,0,0,0,0,0
CHEBI:16234,,0,0,0,0,0
CHEBI:17258,,0,0,0,0,0
CHEBI:17521,,0,0,0,0,0
CHEBI:17580,,0,0,0,0,0
CHEBI:18262,,0,0,0,0,0
CHEBI:15404,,0,0,0,0,0
CHEBI:3930,,0,0,0,0,0
CHEBI:16608,,0,0,0,0,0
CHEBI:16252,,0,0,0,0,0
CHEBI:17357,,0,0,0,0,0
CHEBI:16347,,0,0,0,0,0
CHEBI:15509,,0,0,0,0,0
CHEBI:15377,,0,0,0,0,0
CHEBI:16176,,0,0,0,0,0
CHEBI:16378,,0,0,0,0,0
CHEBI:16524,,0,0,0,0,0
CHEBI:15774,,0,0,0,0,0
CHEBI:27401,,0,0,0,0,0
CHEBI:17424,,0,0,0,0,0
CHEBI:27381,,0,0,0,0,0
CHEBI:16777,,0,0,0,0,0
CHEBI:18246,,0,0,0,0,0
CHEBI:15792,,0,0,0,0,0
CHEBI:17672,,0,0,0,0,0
CHEBI:18183,,0,0,0,0,0
CHEBI:16737,,0,0,0,0,0
CHEBI:16126,,0,0,0,0,0
CHEBI:17081,,0,0,0,0,0
CHEBI:17941,,0,0,0,0,0
CHEBI:18091,,0,0,0,0,0
CHEBI:7476,,0,0,0,0,0
CHEBI:17652,,0,0,0,0,0
CHEBI:27387,,0,0,0,0,0
CHEBI:17252,,0,0,0,0,0
CHEBI:16654,,0,0,0,0,0
CHEBI:15765,,0,0,0,0,0
CHEBI:18069,,0,0,0,0,0
CHEBI:15413,,0,0,0,0,0
CHEBI:16989,,0,0,0,0,0
CHEBI:17915,,0,0,0,0,0
CHEBI:16315,4 ,0,0,1,1,1
CHEBI:16116,,0,0,0,0,0
CHEBI:16513,,0,0,0,0,0
CHEBI:8404,,0,0,0,0,0
CHEBI:17824,,0,0,0,0,0
CHEBI:17050,,0,0,0,0,0
CHEBI:17066,,0,0,0,0,0
CHEBI:27427,,0,0,0,0,0
CHEBI:4735,,0,0,0,0,0
CHEBI:15755,,0,0,0,0,0
CHEBI:17702,,0,0,0,0,0
CHEBI:17551,,0,0,0,0,0
CHEBI:9915,,0,0,0,0,0
CHEBI:16577,,0,0,0,0,0
CHEBI:16554,,0,0,0,0,0
CHEBI:16039,,0,0,0,0,0
CHEBI:17640,,0,0,0,0,0
CHEBI:3238,,0,0,0,0,0
CHEBI:15514,,0,0,0,0,0
CHEBI:17293,,0,0,0,0,0
CHEBI:17371,,0,0,0,0,0
CHEBI:9200,,0,0,0,0,0
CHEBI:5280,,0,0,0,0,0
CHEBI:16666,,0,0,0,0,0
CHEBI:3655,,0,0,0,0,0
CHEBI:16914,,0,0,0,0,0
CHEBI:16907,,0,0,0,0,0
CHEBI:17729,,0,0,0,0,0
CHEBI:17947,,0,0,0,0,0
CHEBI:16022,,0,0,0,0,0
CHEBI:15496,,0,0,0,0,0
CHEBI:16082,,0,0,0,0,0
CHEBI:18272,,0,0,0,0,0
CHEBI:17327,,0,0,0,0,0
CHEBI:17725,,0,0,0,0,0
CHEBI:16905,,0,0,0,0,0
CHEBI:16558,,0,0,0,0,0
CHEBI:15529,,0,0,0,0,0
CHEBI:7622,,0,0,0,0,0
CHEBI:20367,,0,0,0,0,0
CHEBI:17759,,0,0,0,0,0
CHEBI:15520,,0,0,0,0,0
CHEBI:17740,,0,0,0,0,0
CHEBI:17681,,0,0,0,0,0
CHEBI:16070,,0,0,0,0,0
CHEBI:15335,,0,0,0,0,0
CHEBI:18048,,0,0,0,0,0
CHEBI:16824,,0,0,0,0,0
CHEBI:16426,,0,0,0,0,0
CHEBI:15712,,0,0,0,0,0
CHEBI:17380,,0,0,0,0,0
CHEBI:15439,,0,0,0,0,0
CHEBI:17975,,0,0,0,0,0
CHEBI:10127,,0,0,0,0,0
CHEBI:15476,,0,0,0,0,0
CHEBI:15823,,0,0,0,0,0
CHEBI:17913,,0,0,0,0,0
CHEBI:15900,,0,0,0,0,0
CHEBI:15654,,0,0,0,0,0
CHEBI:15530,,0,0,0,0,0
CHEBI:17225,2 ,0,0,1,0,0
CHEBI:8802,,0,0,0,0,0
CHEBI:17477,,0,0,0,0,0
CHEBI:16832,,0,0,0,0,0
CHEBI:10429,,0,0,0,0,0
CHEBI:17568,,0,0,0,0,0
CHEBI:16204,,0,0,0,0,0
CHEBI:16205,,0,0,0,0,0
CHEBI:16789,,0,0,0,0,0
CHEBI:16344,,0,0,0,0,0
CHEBI:16355,,0,0,0,0,0
CHEBI:17630,,0,0,0,0,0
CHEBI:15584,,0,0,0,0,0
CHEBI:17013,,0,0,0,0,0
CHEBI:16809,,0,0,0,0,0
CHEBI:17331,,0,0,0,0,0
CHEBI:17618,,0,0,0,0,0
CHEBI:16081,,0,0,0,0,0
CHEBI:16298,,0,0,0,0,0
CHEBI:18255,,0,0,0,0,0
CHEBI:27394,,0,0,0,0,0
CHEBI:18336,,0,0,0,0,0
CHEBI:9332,,0,0,0,0,0
CHEBI:15740,,0,0,0,0,0
CHEBI:27450,,0,0,0,0,0
CHEBI:15738,4 ,0,0,0,2,0
CHEBI:16225,,0,0,0,0,0
CHEBI:16200,,0,0,0,0,0
CHEBI:17959,,0,0,0,0,0
CHEBI:8029,,0,0,0,0,0
CHEBI:15851,,0,0,0,0,0
CHEBI:16854,,0,0,0,0,0
CHEBI:18367,,0,0,0,0,0
CHEBI:17034,,0,0,0,0,0
CHEBI:17011,,0,0,0,0,0
CHEBI:2469,,0,0,0,0,0
CHEBI:16309,,0,0,0,0,0
CHEBI:3640,,0,0,0,0,0
CHEBI:18217,,0,0,0,0,0
CHEBI:16058,,0,0,0,0,0
CHEBI:18393,,0,0,0,0,0
CHEBI:15940,,0,0,0,0,0
CHEBI:15501,,0,0,0,0,0
CHEBI:16226,,0,0,0,0,0
CHEBI:17677,,0,0,0,0,0
CHEBI:17803,,0,0,0,0,0
CHEBI:15474,,0,0,0,0,0
CHEBI:18165,,0,0,0,0,0
CHEBI:15881,,0,0,0,0,0
CHEBI:18088,,0,0,0,0,0
CHEBI:16810,,0,0,0,0,0
CHEBI:17588,,0,0,0,0,0
CHEBI:15980,,0,0,0,0,0
CHEBI:15861,,0,0,0,0,0
CHEBI:17546,,0,0,0,0,0
CHEBI:17173,,0,0,0,0,0
CHEBI:15992,,0,0,0,0,0
CHEBI:16545,,0,0,0,0,0
CHEBI:17987,,0,0,0,0,0
CHEBI:27435,,0,0,0,0,0
CHEBI:15964,,0,0,0,0,0
CHEBI:17486,,0,0,0,0,0
CHEBI:16619,,0,0,0,0,0
CHEBI:19500,,0,0,0,0,0
CHEBI:17056,,0,0,0,0,0
CHEBI:16199,,0,0,0,0,0
CHEBI:15718,,0,0,0,0,0
CHEBI:15961,,0,0,0,0,0
CHEBI:16169,,0,0,0,0,0
CHEBI:16683,,0,0,0,0,0
CHEBI:18010,,0,0,0,0,0
CHEBI:16596,,0,0,0,0,0
CHEBI:17765,,0,0,0,0,0
CHEBI:16042,,0,0,0,0,0
CHEBI:16349,,0,0,0,0,0
CHEBI:18107,,0,0,0,0,0
CHEBI:16214,,0,0,0,0,0
CHEBI:16425,0 ,1,3,0,0,0
CHEBI:10353,,0,0,0,0,0
CHEBI:15444,,0,0,0,0,0
CHEBI:16792,,0,0,0,0,0
CHEBI:16738,,0,0,0,0,0
CHEBI:18349,,0,0,0,0,0
CHEBI:18146,,0,0,0,0,0
CHEBI:6631,,0,0,0,0,0
CHEBI:17073,,0,0,0,0,0
CHEBI:18053,,0,0,0,0,0
CHEBI:15885,,0,0,0,0,0
CHEBI:17229,,0,0,0,0,0
CHEBI:17566,,0,0,0,0,0
CHEBI:8653,,0,0,0,0,0
CHEBI:15672,,0,0,0,0,0
CHEBI:16077,,0,0,0,0,0
CHEBI:16616,,0,0,0,0,0
CHEBI:21363,,0,0,0,0,0
CHEBI:15877,,0,0,0,0,0
CHEBI:16076,,0,0,0,0,0
CHEBI:17260,,0,0,0,0,0
CHEBI:16183,,0,0,0,0,0
CHEBI:2914,,0,0,0,0,0
CHEBI:15575,,0,0,0,0,0
CHEBI:4075,,0,0,0,0,0
CHEBI:17052,,0,0,0,0,0
CHEBI:18151,,0,0,0,0,0
CHEBI:16402,,0,0,0,0,0
CHEBI:3243,2 ,0,0,1,0,0
CHEBI:17064,,0,0,0,0,0
CHEBI:18147,,0,0,0,0,0
CHEBI:16751,,0,0,0,0,0
CHEBI:17051,,0,0,0,0,0
CHEBI:15390,,0,0,0,0,0
CHEBI:15608,,0,0,0,0,0
CHEBI:16388,,0,0,0,0,0
CHEBI:15630,,0,0,0,0,0
CHEBI:16893,,0,0,0,0,0
CHEBI:15666,,0,0,0,0,0
CHEBI:16166,,0,0,0,0,0
CHEBI:16188,,0,0,0,0,0
CHEBI:16422,,0,0,0,0,0
CHEBI:16049,,0,0,0,0,0
CHEBI:8489,,0,0,0,0,0
CHEBI:17747,,0,0,0,0,0
CHEBI:17771,,0,0,0,0,0
CHEBI:18281,,0,0,0,0,0
CHEBI:15376,,0,0,0,0,0
CHEBI:15534,,0,0,0,0,0
CHEBI:16910,,0,0,0,0,0
CHEBI:16534,,0,0,0,0,0
CHEBI:15612,,0,0,0,0,0
CHEBI:17613,,0,0,0,0,0
CHEBI:16440,,0,0,0,0,0
CHEBI:16436,,0,0,0,0,0
CHEBI:15468,,0,0,0,0,0
CHEBI:18403,,0,0,0,0,0
CHEBI:16275,,0,0,0,0,0
CHEBI:16944,,0,0,0,0,0
CHEBI:16266,,0,0,0,0,0
CHEBI:15589,,0,0,0,0,0
CHEBI:15979,,0,0,0,0,0
CHEBI:16084,,0,0,0,0,0
CHEBI:3732,,0,0,0,0,0
CHEBI:17659,,0,0,0,0,0
CHEBI:17857,,0,0,0,0,0
CHEBI:16517,,0,0,0,0,0
CHEBI:9599,,0,0,0,0,0
CHEBI:16761,,0,0,0,0,0
CHEBI:17934,,0,0,0,0,0
CHEBI:18277,,0,0,0,0,0
CHEBI:16817,,0,0,0,0,0
CHEBI:15975,,0,0,0,0,0
CHEBI:17167,,0,0,0,0,0
CHEBI:15625,,0,0,0,0,0
CHEBI:15632,,0,0,0,0,0
CHEBI:17303,4 ,0,0,1,1,1
CHEBI:17236,,0,0,0,0,0
CHEBI:15763,,0,0,0,0,0
CHEBI:16490,,0,0,0,0,0
CHEBI:15593,,0,0,0,0,0
CHEBI:15730,,0,0,0,0,0
CHEBI:15690,,0,0,0,0,0
CHEBI:17432,,0,0,0,0,0
CHEBI:15686,,0,0,0,0,0
CHEBI:18258,,0,0,0,0,0
CHEBI:15350,,0,0,0,0,0
CHEBI:16606,,0,0,0,0,0
CHEBI:17787,,0,0,0,0,0
CHEBI:17789,,0,0,0,0,0
CHEBI:15831,,0,0,0,0,0
CHEBI:17335,,0,0,0,0,0
CHEBI:17429,,0,0,0,0,0
CHEBI:16690,,0,0,0,0,0
CHEBI:17977,,0,0,0,0,0
CHEBI:16713,,0,0,0,0,0
CHEBI:16804,,0,0,0,0,0
CHEBI:16368,,0,0,0,0,0
CHEBI:3213,,0,0,0,0,0
CHEBI:17175,,0,0,0,0,0
CHEBI:17270,,0,0,0,0,0
CHEBI:15362,,0,0,0,0,0
CHEBI:16446,,0,0,0,0,0
CHEBI:16125,,0,0,0,0,0
CHEBI:16576,,0,0,0,0,0
CHEBI:17425,,0,0,0,0,0
CHEBI:5186,,0,0,0,0,0
CHEBI:15758,,0,0,0,0,0
CHEBI:15540,,0,0,0,0,0
CHEBI:16459,,0,0,0,0,0
CHEBI:17515,,0,0,0,0,0
CHEBI:16468,,0,0,0,0,0
CHEBI:17727,,0,0,0,0,0
CHEBI:16783,,0,0,0,0,0
CHEBI:17968,,0,0,0,0,0
CHEBI:16572,,0,0,0,0,0
CHEBI:16684,,0,0,0,0,0
CHEBI:17696,,0,0,0,0,0
CHEBI:15716,,0,0,0,0,0
CHEBI:21374,,0,0,0,0,0
CHEBI:27449,,0,0,0,0,0
CHEBI:17541,,0,0,0,0,0
CHEBI:15494,,0,0,0,0,0
CHEBI:16046,,0,0,0,0,0
CHEBI:15420,,0,0,0,0,0
CHEBI:16147,3 ,0,0,0,0,1
CHEBI:17961,,0,0,0,0,0
CHEBI:17053,,0,0,0,0,0
CHEBI:17704,,0,0,0,0,0
CHEBI:10216,,0,0,0,0,0
CHEBI:18321,,0,0,0,0,0
CHEBI:15609,,0,0,0,0,0
CHEBI:16300,,0,0,0,0,0
CHEBI:17562,,0,0,0,0,0
CHEBI:4315,,0,0,0,0,0
CHEBI:15695,,0,0,0,0,0
CHEBI:17939,,0,0,0,0,0
CHEBI:17289,,0,0,0,0,0
CHEBI:17700,,0,0,0,0,0
CHEBI:4031,,0,0,0,0,0
CHEBI:15753,,0,0,0,0,0
CHEBI:17844,,0,0,0,0,0
CHEBI:17377,,0,0,0,0,0
CHEBI:17290,,0,0,0,0,0
CHEBI:16829,1 ,1,3,0,0,0
CHEBI:15727,,0,0,0,0,0
CHEBI:16068,,0,0,0,0,0
CHEBI:9334,,0,0,0,0,0
CHEBI:27465,,0,0,0,0,0
CHEBI:15512,,0,0,0,0,0
CHEBI:15802,,0,0,0,0,0
CHEBI:20414,,0,0,0,0,0
CHEBI:15833,,0,0,0,0,0
CHEBI:16723,,0,0,0,0,0
CHEBI:15344,,0,0,0,0,0
CHEBI:17861,,0,0,0,0,0
CHEBI:15567,,0,0,0,0,0
CHEBI:18203,,0,0,0,0,0
CHEBI:15638,,0,0,0,0,0
CHEBI:16808,,0,0,0,0,0
CHEBI:16400,,0,0,0,0,0
CHEBI:17648,,0,0,0,0,0
CHEBI:15768,,0,0,0,0,0
CHEBI:17454,,0,0,0,0,0
CHEBI:15685,,0,0,0,0,0
CHEBI:27418,,0,0,0,0,0
CHEBI:17305,,0,0,0,0,0
CHEBI:15761,,0,0,0,0,0
CHEBI:18128,,0,0,0,0,0
CHEBI:17920,,0,0,0,0,0
CHEBI:17494,,0,0,0,0,0
CHEBI:16653,,0,0,0,0,0
CHEBI:15662,,0,0,0,0,0
CHEBI:16433,,0,0,0,0,0
CHEBI:17685,0 ,1,0,0,0,0
CHEBI:17472,,0,0,0,0,0
CHEBI:17058,,0,0,0,0,0
CHEBI:16512,,0,0,0,0,0
CHEBI:17314,,0,0,0,0,0
CHEBI:3567,,0,0,0,0,0
CHEBI:15446,,0,0,0,0,0
CHEBI:17440,,0,0,0,0,0
CHEBI:17852,,0,0,0,0,0
CHEBI:15729,,0,0,0,0,0
CHEBI:16239,,0,0,0,0,0
CHEBI:17311,,0,0,0,0,0
CHEBI:15775,,0,0,0,0,0
CHEBI:16389,,0,0,0,0,0
CHEBI:17074,,0,0,0,0,0
CHEBI:18347,,0,0,0,0,0
CHEBI:16184,2 ,0,0,1,0,0
CHEBI:16840,,0,0,0,0,0
CHEBI:4786,,0,0,0,0,0
CHEBI:16354,,0,0,0,0,0
CHEBI:17111,,0,0,0,0,0
CHEBI:17733,,0,0,0,0,0
CHEBI:17164,,0,0,0,0,0
CHEBI:15620,,0,0,0,0,0
CHEBI:18332,,0,0,0,0,0
CHEBI:18391,,0,0,0,0,0
CHEBI:16445,,0,0,0,0,0
CHEBI:15682,,0,0,0,0,0
CHEBI:16316,,0,0,0,0,0
CHEBI:18073,4 ,0,0,0,8,0
CHEBI:16567,,0,0,0,0,0
CHEBI:15757,,0,0,0,0,0
CHEBI:15442,,0,0,0,0,0
CHEBI:18356,,0,0,0,0,0
CHEBI:16452,,0,0,0,0,0
CHEBI:16029,,0,0,0,0,0
CHEBI:16521,,0,0,0,0,0
CHEBI:17038,,0,0,0,0,0
CHEBI:16694,,0,0,0,0,0
CHEBI:16469,,0,0,0,0,0
CHEBI:17606,,0,0,0,0,0
CHEBI:16311,,0,0,0,0,0
CHEBI:18377,,0,0,0,0,0
CHEBI:15809,,0,0,0,0,0
CHEBI:17858,,0,0,0,0,0
CHEBI:17224,,0,0,0,0,0
CHEBI:18392,,0,0,0,0,0
CHEBI:17448,,0,0,0,0,0
CHEBI:16218,,0,0,0,0,0
CHEBI:27384,,0,0,0,0,0
CHEBI:8691,2 ,0,0,1,0,1
CHEBI:16119,,0,0,0,0,0
CHEBI:16858,,0,0,0,0,0
CHEBI:16206,,0,0,0,0,0
CHEBI:16938,,0,0,0,0,0
CHEBI:15858,,0,0,0,0,0
CHEBI:3743,0 ,1,0,0,0,0
CHEBI:17978,,0,0,0,0,0
CHEBI:16065,,0,0,0,0,0
CHEBI:4551,,0,0,0,0,0
CHEBI:16269,,0,0,0,0,0
CHEBI:25459,0 ,1,0,0,0,0
CHEBI:15490,,0,0,0,0,0
CHEBI:15422,,0,0,0,0,0
CHEBI:15524,,0,0,0,0,0
CHEBI:17148,,0,0,0,0,0
CHEBI:16486,,0,0,0,0,0
CHEBI:18105,,0,0,0,0,0
CHEBI:18198,,0,0,0,0,0
CHEBI:7934,,0,0,0,0,0
CHEBI:15970,,0,0,0,0,0
CHEBI:27376,,0,0,0,0,0
CHEBI:17500,,0,0,0,0,0
CHEBI:17240,,0,0,0,0,0
CHEBI:18177,,0,0,0,0,0
CHEBI:16974,,0,0,0,0,0
CHEBI:15508,,0,0,0,0,0
CHEBI:17361,,0,0,0,0,0
CHEBI:18225,,0,0,0,0,0
CHEBI:16758,,0,0,0,0,0
CHEBI:16891,,0,0,0,0,0
CHEBI:17204,,0,0,0,0,0
CHEBI:17150,,0,0,0,0,0
CHEBI:15384,,0,0,0,0,0
CHEBI:15795,,0,0,0,0,0
CHEBI:17802,,0,0,0,0,0
CHEBI:6759,,0,0,0,0,0
CHEBI:17795,,0,0,0,0,0
CHEBI:16875,,0,0,0,0,0
CHEBI:15721,,0,0,0,0,0
CHEBI:15400,,0,0,0,0,0
CHEBI:16449,,0,0,0,0,0
CHEBI:15715,,0,0,0,0,0
CHEBI:17719,,0,0,0,0,0
CHEBI:17994,,0,0,0,0,0
CHEBI:16953,,0,0,0,0,0
CHEBI:17329,,0,0,0,0,0
CHEBI:17367,,0,0,0,0,0
CHEBI:17724,,0,0,0,0,0
CHEBI:18211,,0,0,0,0,0
CHEBI:2955,,0,0,0,0,0
CHEBI:16947,,0,0,0,0,0
CHEBI:16475,,0,0,0,0,0
CHEBI:18266,,0,0,0,0,0
CHEBI:17924,,0,0,0,0,0
CHEBI:17745,,0,0,0,0,0
CHEBI:17695,,0,0,0,0,0
CHEBI:16356,,0,0,0,0,0
CHEBI:17168,,0,0,0,0,0
CHEBI:3697,,0,0,0,0,0
CHEBI:15700,,0,0,0,0,0
CHEBI:18117,,0,0,0,0,0
CHEBI:3048,,0,0,0,0,0
CHEBI:17954,,0,0,0,0,0
CHEBI:18378,,0,0,0,0,0
CHEBI:16734,,0,0,0,0,0
CHEBI:15871,,0,0,0,0,0
CHEBI:15500,,0,0,0,0,0
CHEBI:17278,,0,0,0,0,0
CHEBI:17306,,0,0,0,0,0
CHEBI:26533,,0,0,0,0,0
CHEBI:17760,,0,0,0,0,0
CHEBI:17899,,0,0,0,0,0
CHEBI:16823,,0,0,0,0,0
CHEBI:15430,,0,0,0,0,0
CHEBI:27393,,0,0,0,0,0
CHEBI:16397,,0,0,0,0,0
CHEBI:16706,,0,0,0,0,0
CHEBI:17399,,0,0,0,0,0
CHEBI:18052,,0,0,0,0,0
CHEBI:16083,,0,0,0,0,0
CHEBI:17512,,0,0,0,0,0
CHEBI:16697,,0,0,0,0,0
CHEBI:15709,,0,0,0,0,0
CHEBI:3084,,0,0,0,0,0
CHEBI:18265,,0,0,0,0,0
CHEBI:15743,,0,0,0,0,0
CHEBI:18253,,0,0,0,0,0
CHEBI:17100,,0,0,0,0,0
CHEBI:15859,,0,0,0,0,0
CHEBI:10050,,0,0,0,0,0
CHEBI:2453,,0,0,0,0,0
CHEBI:17917,,0,0,0,0,0
CHEBI:17768,,0,0,0,0,0
CHEBI:16296,,0,0,0,0,0
CHEBI:15650,,0,0,0,0,0
CHEBI:18162,,0,0,0,0,0
CHEBI:18422,,0,0,0,0,0
CHEBI:15624,,0,0,0,0,0
CHEBI:17890,,0,0,0,0,0
CHEBI:17216,,0,0,0,0,0
CHEBI:15531,,0,0,0,0,0
CHEBI:17705,,0,0,0,0,0
CHEBI:15667,,0,0,0,0,0
CHEBI:15836,,0,0,0,0,0
CHEBI:17807,,0,0,0,0,0
CHEBI:16271,0 ,1,0,0,0,0
CHEBI:27422,,0,0,0,0,0
CHEBI:16164,,0,0,0,0,0
CHEBI:15493,,0,0,0,0,0
CHEBI:18226,,0,0,0,0,0
CHEBI:15919,,0,0,0,0,0
CHEBI:15471,,0,0,0,0,0
CHEBI:15710,,0,0,0,0,0
CHEBI:17772,,0,0,0,0,0
CHEBI:15480,,0,0,0,0,0
CHEBI:17528,,0,0,0,0,0
CHEBI:16348,,0,0,0,0,0
CHEBI:15676,,0,0,0,0,0
CHEBI:9611,,0,0,0,0,0
CHEBI:16977,,0,0,0,0,0
CHEBI:17601,,0,0,0,0,0
CHEBI:16187,,0,0,0,0,0
CHEBI:16726,,0,0,0,0,0
CHEBI:15972,,0,0,0,0,0
CHEBI:17259,,0,0,0,0,0
CHEBI:17948,,0,0,0,0,0
CHEBI:17015,,0,0,0,0,0
CHEBI:9605,,0,0,0,0,0
CHEBI:16945,,0,0,0,0,0
CHEBI:17083,,0,0,0,0,0
CHEBI:27442,,0,0,0,0,0
CHEBI:18207,,0,0,0,0,0
CHEBI:17396,,0,0,0,0,0
CHEBI:18430,3 ,0,0,0,0,1
CHEBI:16441,,0,0,0,0,0
CHEBI:15874,,0,0,0,0,0
CHEBI:17721,,0,0,0,0,0
CHEBI:18136,,0,0,0,0,0
CHEBI:15777,,0,0,0,0,0
CHEBI:16114,,0,0,0,0,0
CHEBI:6538,,0,0,0,0,0
CHEBI:16428,,0,0,0,0,0
CHEBI:15629,,0,0,0,0,0
CHEBI:15541,,0,0,0,0,0
CHEBI:16782,,0,0,0,0,0
CHEBI:17390,,0,0,0,0,0
CHEBI:27433,,0,0,0,0,0
CHEBI:18049,,0,0,0,0,0
CHEBI:18116,,0,0,0,0,0
CHEBI:17820,,0,0,0,0,0
CHEBI:18229,,0,0,0,0,0
CHEBI:20384,,0,0,0,0,0
CHEBI:16950,,0,0,0,0,0
CHEBI:2762,,0,0,0,0,0
CHEBI:16852,,0,0,0,0,0
CHEBI:16259,,0,0,0,0,0
CHEBI:16856,,0,0,0,0,0
CHEBI:18110,,0,0,0,0,0
CHEBI:17790,,0,0,0,0,0
CHEBI:18167,,0,0,0,0,0
CHEBI:27459,,0,0,0,0,0
CHEBI:17468,,0,0,0,0,0
CHEBI:16724,,0,0,0,0,0
CHEBI:17943,,0,0,0,0,0
CHEBI:18145,,0,0,0,0,0
CHEBI:15563,,0,0,0,0,0
CHEBI:15418,,0,0,0,0,0
CHEBI:8452,,0,0,0,0,0
CHEBI:16035,,0,0,0,0,0
CHEBI:18267,,0,0,0,0,0
CHEBI:4474,,0,0,0,0,0
CHEBI:16585,,0,0,0,0,0
CHEBI:17622,,0,0,0,0,0
CHEBI:16594,,0,0,0,0,0
CHEBI:18296,,0,0,0,0,0
CHEBI:16003,,0,0,0,0,0
CHEBI:17166,,0,0,0,0,0
CHEBI:17402,,0,0,0,0,0
CHEBI:15657,,0,0,0,0,0
CHEBI:5850,,0,0,0,0,0
CHEBI:15478,,0,0,0,0,0
CHEBI:9421,,0,0,0,0,0
CHEBI:17881,,0,0,0,0,0
CHEBI:15597,,0,0,0,0,0
CHEBI:15647,,0,0,0,0,0
CHEBI:16483,,0,0,0,0,0
CHEBI:17151,,0,0,0,0,0
CHEBI:15518,,0,0,0,0,0
CHEBI:15371,,0,0,0,0,0
CHEBI:17212,,0,0,0,0,0
CHEBI:16935,,0,0,0,0,0
CHEBI:15864,,0,0,0,0,0
CHEBI:17222,,0,0,0,0,0
CHEBI:18373,2 ,0,0,1,0,0
CHEBI:16796,,0,0,0,0,0
CHEBI:15349,,0,0,0,0,0
CHEBI:15611,,0,0,0,0,0
CHEBI:16650,,0,0,0,0,0
CHEBI:16795,,0,0,0,0,0
CHEBI:18328,,0,0,0,0,0
CHEBI:18020,,0,0,0,0,0
CHEBI:17479,,0,0,0,0,0
CHEBI:17877,,0,0,0,0,0
CHEBI:17347,,0,0,0,0,0
CHEBI:17575,,0,0,0,0,0
CHEBI:4779,,0,0,0,0,0
CHEBI:18337,,0,0,0,0,0
CHEBI:18195,,0,0,0,0,0
CHEBI:16161,,0,0,0,0,0
CHEBI:16805,,0,0,0,0,0
CHEBI:17304,,0,0,0,0,0
CHEBI:16719,,0,0,0,0,0
CHEBI:17345,,0,0,0,0,0
CHEBI:17742,,0,0,0,0,0
CHEBI:18416,,0,0,0,0,0
CHEBI:15407,,0,0,0,0,0
CHEBI:18338,,0,0,0,0,0
CHEBI:17889,,0,0,0,0,0
CHEBI:16013,,0,0,0,0,0
CHEBI:17233,,0,0,0,0,0
CHEBI:16026,,0,0,0,0,0
CHEBI:16602,,0,0,0,0,0
CHEBI:16211,,0,0,0,0,0
CHEBI:15683,,0,0,0,0,0
CHEBI:18173,,0,0,0,0,0
CHEBI:17770,,0,0,0,0,0
CHEBI:15616,,0,0,0,0,0
CHEBI:15759,,0,0,0,0,0
CHEBI:27436,,0,0,0,0,0
CHEBI:17016,,0,0,0,0,0
CHEBI:17965,,0,0,0,0,0
CHEBI:15951,,0,0,0,0,0
CHEBI:18186,,0,0,0,0,0
CHEBI:15560,,0,0,0,0,0
CHEBI:15815,,0,0,0,0,0
CHEBI:16814,,0,0,0,0,0
CHEBI:15397,,0,0,0,0,0
CHEBI:15956,,0,0,0,0,0
CHEBI:17384,3 ,1,4,0,0,2
CHEBI:15436,,0,0,0,0,0
CHEBI:17872,,0,0,0,0,0
CHEBI:16822,,0,0,0,0,0
CHEBI:27402,,0,0,0,0,0
CHEBI:3242,2 ,0,0,1,0,0
CHEBI:17411,,0,0,0,0,0
CHEBI:17378,,0,0,0,0,0
CHEBI:9516,,0,0,0,0,0
CHEBI:15834,,0,0,0,0,0
CHEBI:17268,,0,0,0,0,0
CHEBI:17626,,0,0,0,0,0
CHEBI:16273,,0,0,0,0,0
CHEBI:16196,,0,0,0,0,0
CHEBI:16754,,0,0,0,0,0
CHEBI:18325,,0,0,0,0,0
CHEBI:16630,,0,0,0,0,0
CHEBI:17692,,0,0,0,0,0
CHEBI:3385,,0,0,0,0,0
CHEBI:15522,,0,0,0,0,0
CHEBI:18381,,0,0,0,0,0
CHEBI:15356,,0,0,0,0,0
CHEBI:17825,,0,0,0,0,0
CHEBI:17878,,0,0,0,0,0
CHEBI:6263,,0,0,0,0,0
CHEBI:5981,,0,0,0,0,0
CHEBI:16526,,0,0,0,0,0
CHEBI:15635,,0,0,0,0,0
CHEBI:15649,,0,0,0,0,0
CHEBI:16533,,0,0,0,0,0
CHEBI:17242,,0,0,0,0,0
CHEBI:15772,,0,0,0,0,0
CHEBI:7947,,0,0,0,0,0
CHEBI:16220,,0,0,0,0,0
CHEBI:15429,,0,0,0,0,0
CHEBI:7061,,0,0,0,0,0
CHEBI:17355,,0,0,0,0,0
CHEBI:27457,,0,0,0,0,0
CHEBI:15694,,0,0,0,0,0
CHEBI:17836,,0,0,0,0,0
CHEBI:15605,,0,0,0,0,0
CHEBI:15482,,0,0,0,0,0
CHEBI:17435,,0,0,0,0,0
CHEBI:18371,,0,0,0,0,0
CHEBI:27408,,0,0,0,0,0
CHEBI:15572,,0,0,0,0,0
CHEBI:18409,,0,0,0,0,0
CHEBI:18280,,0,0,0,0,0
CHEBI:17202,,0,0,0,0,0
CHEBI:17211,,0,0,0,0,0
CHEBI:17271,,0,0,0,0,0
CHEBI:18330,,0,0,0,0,0
CHEBI:17774,,0,0,0,0,0
CHEBI:17299,,0,0,0,0,0
CHEBI:17637,,0,0,0,0,0
CHEBI:17882,,0,0,0,0,0
CHEBI:18125,,0,0,0,0,0
CHEBI:17746,,0,0,0,0,0
CHEBI:16377,,0,0,0,0,0
CHEBI:16570,,0,0,0,0,0
CHEBI:15660,,0,0,0,0,0
CHEBI:17215,,0,0,0,0,0
CHEBI:17126,,0,0,0,0,0
CHEBI:17032,,0,0,0,0,0
CHEBI:15732,,0,0,0,0,0
CHEBI:15562,,0,0,0,0,0
CHEBI:18149,,0,0,0,0,0
CHEBI:17527,,0,0,0,0,0
CHEBI:7896,,0,0,0,0,0
CHEBI:17263,,0,0,0,0,0
CHEBI:17249,,0,0,0,0,0
CHEBI:15822,,0,0,0,0,0
CHEBI:16338,,0,0,0,0,0
CHEBI:16332,,0,0,0,0,0
CHEBI:17981,,0,0,0,0,0
CHEBI:15378,,0,0,0,0,0
CHEBI:17286,,0,0,0,0,0
CHEBI:16811,,0,0,0,0,0
CHEBI:4877,,0,0,0,0,0
CHEBI:17816,,0,0,0,0,0
CHEBI:16330,,0,0,0,0,0
CHEBI:17115,,0,0,0,0,0
CHEBI:16177,,0,0,0,0,0
CHEBI:16108,,0,0,0,0,0
CHEBI:18137,,0,0,0,0,0
CHEBI:16369,,0,0,0,0,0
CHEBI:15464,,0,0,0,0,0
CHEBI:7989,,0,0,0,0,0
CHEBI:16146,,0,0,0,0,0
CHEBI:27403,,0,0,0,0,0
CHEBI:16971,,0,0,0,0,0
CHEBI:15826,,0,0,0,0,0
CHEBI:8232,,0,0,0,0,0
CHEBI:17973,,0,0,0,0,0
CHEBI:15364,,0,0,0,0,0
CHEBI:17578,,0,0,0,0,0
CHEBI:15392,,0,0,0,0,0
CHEBI:16454,,0,0,0,0,0
CHEBI:16973,,0,0,0,0,0
CHEBI:16174,,0,0,0,0,0
CHEBI:18054,,0,0,0,0,0
CHEBI:17935,,0,0,0,0,0
CHEBI:4995,,0,0,0,0,0
CHEBI:18090,,0,0,0,0,0
CHEBI:16069,,0,0,0,0,0
CHEBI:16050,,0,0,0,0,0
CHEBI:18029,,0,0,0,0,0
CHEBI:18312,,0,0,0,0,0
CHEBI:18412,,0,0,0,0,0
CHEBI:17368,,0,0,0,0,0
CHEBI:15960,,0,0,0,0,0
CHEBI:15405,,0,0,0,0,0
CHEBI:16089,,0,0,0,0,0
CHEBI:16010,,0,0,0,0,0
CHEBI:4702,,0,0,0,0,0
CHEBI:17817,,0,0,0,0,0
CHEBI:16301,,0,0,0,0,0
CHEBI:15367,,0,0,0,0,0
CHEBI:15519,,0,0,0,0,0
CHEBI:17529,,0,0,0,0,0
CHEBI:17624,,0,0,0,0,0
CHEBI:18210,,0,0,0,0,0
CHEBI:17300,,0,0,0,0,0
CHEBI:15623,,0,0,0,0,0
CHEBI:16705,,0,0,0,0,0
CHEBI:5706,,0,0,0,0,0
CHEBI:15884,,0,0,0,0,0
CHEBI:16613,,0,0,0,0,0
CHEBI:17170,,0,0,0,0,0
CHEBI:16838,,0,0,0,0,0
CHEBI:15789,,0,0,0,0,0
CHEBI:16241,,0,0,0,0,0
CHEBI:18302,,0,0,0,0,0
CHEBI:17466,,0,0,0,0,0
CHEBI:16735,,0,0,0,0,0
CHEBI:10790,,0,0,0,0,0
CHEBI:17308,,0,0,0,0,0
CHEBI:15699,,0,0,0,0,0
CHEBI:17840,,0,0,0,0,0
CHEBI:16563,,0,0,0,0,0
CHEBI:15543,,0,0,0,0,0
CHEBI:17209,,0,0,0,0,0
CHEBI:17539,,0,0,0,0,0
CHEBI:17929,,0,0,0,0,0
CHEBI:15880,,0,0,0,0,0
CHEBI:16002,,0,0,0,0,0
CHEBI:15799,,0,0,0,0,0
CHEBI:5885,,0,0,0,0,0
CHEBI:16898,,0,0,0,0,0
CHEBI:17418,,0,0,0,0,0
CHEBI:17261,,0,0,0,0,0
CHEBI:18209,,0,0,0,0,0
CHEBI:16550,,0,0,0,0,0
CHEBI:17808,,0,0,0,0,0
CHEBI:15357,,0,0,0,0,0
CHEBI:16860,,0,0,0,0,0
CHEBI:27441,,0,0,0,0,0
CHEBI:17586,,0,0,0,0,0
CHEBI:16224,,0,0,0,0,0
CHEBI:16729,,0,0,0,0,0
CHEBI:16752,,0,0,0,0,0
CHEBI:18269,,0,0,0,0,0
CHEBI:17804,,0,0,0,0,0
CHEBI:18404,,0,0,0,0,0
CHEBI:15811,,0,0,0,0,0
CHEBI:3856,,0,0,0,0,0
CHEBI:15642,,0,0,0,0,0
CHEBI:16419,,0,0,0,0,0
CHEBI:17362,,0,0,0,0,0
CHEBI:18374,,0,0,0,0,0
CHEBI:17351,,0,0,0,0,0
CHEBI:16255,,0,0,0,0,0
CHEBI:17174,,0,0,0,0,0
CHEBI:17445,,0,0,0,0,0
CHEBI:17563,,0,0,0,0,0
CHEBI:17505,,0,0,0,0,0
CHEBI:16015,,0,0,0,0,0
CHEBI:16760,,0,0,0,0,0
CHEBI:16216,,0,0,0,0,0
CHEBI:17077,,0,0,0,0,0
CHEBI:17422,,0,0,0,0,0
CHEBI:17530,,0,0,0,0,0
CHEBI:3183,,0,0,0,0,0
CHEBI:18419,,0,0,0,0,0
CHEBI:17831,,0,0,0,0,0
CHEBI:17277,,0,0,0,0,0
CHEBI:16192,,0,0,0,0,0
CHEBI:15913,,0,0,0,0,0
CHEBI:16605,,0,0,0,0,0
CHEBI:15927,,0,0,0,0,0
CHEBI:17906,,0,0,0,0,0
CHEBI:3013,,0,0,0,0,0
CHEBI:15343,,0,0,0,0,0
CHEBI:7508,,0,0,0,0,0
CHEBI:17775,,0,0,0,0,0
CHEBI:16329,,0,0,0,0,0
CHEBI:17888,,0,0,0,0,0
CHEBI:4629,,0,0,0,0,0
CHEBI:18050,,0,0,0,0,0
CHEBI:15408,,0,0,0,0,0
CHEBI:16667,,0,0,0,0,0
CHEBI:4907,,0,0,0,0,0
CHEBI:15891,,0,0,0,0,0
CHEBI:18038,,0,0,0,0,0
CHEBI:9407,,0,0,0,0,0
CHEBI:2376,,0,0,0,0,0
CHEBI:16584,,0,0,0,0,0
CHEBI:17105,,0,0,0,0,0
CHEBI:15787,,0,0,0,0,0
CHEBI:15491,,0,0,0,0,0
CHEBI:16457,,0,0,0,0,0
CHEBI:16807,,0,0,0,0,0
CHEBI:17660,,0,0,0,0,0
CHEBI:16493,,0,0,0,0,0
CHEBI:18004,,0,0,0,0,0
CHEBI:16150,,0,0,0,0,0
CHEBI:15617,,0,0,0,0,0
CHEBI:17516,,0,0,0,0,0
CHEBI:3738,,0,0,0,0,0
CHEBI:15908,,0,0,0,0,0
CHEBI:17997,,0,0,0,0,0
CHEBI:17265,,0,0,0,0,0
CHEBI:15511,,0,0,0,0,0
CHEBI:16982,,0,0,0,0,0
CHEBI:16869,,0,0,0,0,0
CHEBI:17295,,0,0,0,0,0
CHEBI:27445,,0,0,0,0,0
CHEBI:27395,,0,0,0,0,0
CHEBI:17349,,0,0,0,0,0
CHEBI:18291,,0,0,0,0,0
CHEBI:16282,,0,0,0,0,0
CHEBI:16708,,0,0,0,0,0
CHEBI:17691,,0,0,0,0,0
CHEBI:15507,,0,0,0,0,0
CHEBI:17183,,0,0,0,0,0
CHEBI:27412,,0,0,0,0,0
CHEBI:16742,,0,0,0,0,0
CHEBI:17269,,0,0,0,0,0
CHEBI:15460,,0,0,0,0,0
CHEBI:27390,,0,0,0,0,0
CHEBI:16372,,0,0,0,0,0
CHEBI:6716,,0,0,0,0,0
CHEBI:16007,,0,0,0,0,0
CHEBI:17184,3 ,0,0,0,0,8
CHEBI:15735,,0,0,0,0,0
CHEBI:27386,,0,0,0,0,0
CHEBI:16066,,0,0,0,0,0
CHEBI:15596,,0,0,0,0,0
CHEBI:17925,,0,0,0,0,0
CHEBI:15788,,0,0,0,0,0
CHEBI:17137,,0,0,0,0,0
CHEBI:18360,,0,0,0,0,0
CHEBI:16353,,0,0,0,0,0
CHEBI:15435,,0,0,0,0,0
CHEBI:17450,,0,0,0,0,0
CHEBI:18317,,0,0,0,0,0
CHEBI:16467,,0,0,0,0,0
CHEBI:16370,,0,0,0,0,0
CHEBI:15383,,0,0,0,0,0
CHEBI:16837,,0,0,0,0,0
CHEBI:15944,,0,0,0,0,0
CHEBI:17191,,0,0,0,0,0
CHEBI:18215,,0,0,0,0,0
CHEBI:15644,,0,0,0,0,0
CHEBI:17142,,0,0,0,0,0
CHEBI:16776,3 ,0,0,0,0,1
CHEBI:17226,,0,0,0,0,0
CHEBI:16472,,0,0,0,0,0
CHEBI:18043,,0,0,0,0,0
CHEBI:3176,,0,0,0,0,0
CHEBI:17600,,0,0,0,0,0
CHEBI:18208,,0,0,0,0,0
CHEBI:17012,,0,0,0,0,0
CHEBI:15517,,0,0,0,0,0
CHEBI:17501,,0,0,0,0,0
CHEBI:17158,,0,0,0,0,0
CHEBI:15582,,0,0,0,0,0
CHEBI:16278,,0,0,0,0,0
CHEBI:16155,,0,0,0,0,0
CHEBI:18103,,0,0,0,0,0
CHEBI:16978,,0,0,0,0,0
CHEBI:22065,,0,0,0,0,0
CHEBI:17805,,0,0,0,0,0
CHEBI:15550,,0,0,0,0,0
CHEBI:17933,,0,0,0,0,0
CHEBI:15505,,0,0,0,0,0
CHEBI:15847,,0,0,0,0,0
CHEBI:15412,,0,0,0,0,0
CHEBI:16772,,0,0,0,0,0
CHEBI:17123,,0,0,0,0,0
CHEBI:16162,,0,0,0,0,0
CHEBI:18380,,0,0,0,0,0
CHEBI:15391,,0,0,0,0,0
CHEBI:15703,,0,0,0,0,0
CHEBI:16501,,0,0,0,0,0
CHEBI:17029,,0,0,0,0,0
CHEBI:15639,,0,0,0,0,0
CHEBI:15870,,0,0,0,0,0
CHEBI:16732,,0,0,0,0,0
CHEBI:27453,,0,0,0,0,0
CHEBI:16771,,0,0,0,0,0
CHEBI:16395,,0,0,0,0,0
CHEBI:18319,,0,0,0,0,0
CHEBI:17001,,0,0,0,0,0
CHEBI:17099,,0,0,0,0,0
CHEBI:16700,,0,0,0,0,0
CHEBI:15360,,0,0,0,0,0
CHEBI:17666,,0,0,0,0,0
CHEBI:18051,,0,0,0,0,0
CHEBI:15756,,0,0,0,0,0
CHEBI:16480,,0,0,0,0,0
CHEBI:16992,,0,0,0,0,0
CHEBI:16414,,0,0,0,0,0
CHEBI:16587,,0,0,0,0,0
CHEBI:16688,,0,0,0,0,0
CHEBI:18289,,0,0,0,0,0
CHEBI:17358,,0,0,0,0,0
CHEBI:16052,,0,0,0,0,0
CHEBI:16638,,0,0,0,0,0
CHEBI:15794,,0,0,0,0,0
CHEBI:18278,,0,0,0,0,0
CHEBI:16411,,0,0,0,0,0
CHEBI:16727,,0,0,0,0,0
CHEBI:27419,,0,0,0,0,0
CHEBI:17169,,0,0,0,0,0
CHEBI:16532,,0,0,0,0,0
CHEBI:18364,,0,0,0,0,0
CHEBI:18099,,0,0,0,0,0
CHEBI:16923,,0,0,0,0,0
CHEBI:16086,,0,0,0,0,0
CHEBI:18003,,0,0,0,0,0
CHEBI:17363,,0,0,0,0,0
CHEBI:16815,,0,0,0,0,0
CHEBI:16680,,0,0,0,0,0
CHEBI:18426,,0,0,0,0,0
CHEBI:16879,,0,0,0,0,0
CHEBI:18357,,0,0,0,0,0
CHEBI:9139,,0,0,0,0,0
CHEBI:16281,,0,0,0,0,0
CHEBI:17764,,0,0,0,0,0
CHEBI:16543,,0,0,0,0,0
CHEBI:17246,,0,0,0,0,0
CHEBI:17813,,0,0,0,0,0
CHEBI:20760,,0,0,0,0,0
CHEBI:17383,,0,0,0,0,0
CHEBI:16171,,0,0,0,0,0
CHEBI:17737,,0,0,0,0,0
CHEBI:17343,,0,0,0,0,0
CHEBI:4888,,0,0,0,0,0
CHEBI:16157,,0,0,0,0,0
CHEBI:3745,,0,0,0,0,0
CHEBI:17159,,0,0,0,0,0
CHEBI:16244,,0,0,0,0,0
CHEBI:17272,,0,0,0,0,0
CHEBI:16374,,0,0,0,0,0
CHEBI:18232,,0,0,0,0,0
CHEBI:18323,,0,0,0,0,0
CHEBI:15447,,0,0,0,0,0
CHEBI:15528,,0,0,0,0,0
CHEBI:17250,,0,0,0,0,0
CHEBI:5292,,0,0,0,0,0
CHEBI:15626,,0,0,0,0,0
CHEBI:17153,,0,0,0,0,0
CHEBI:6916,,0,0,0,0,0
CHEBI:17118,,0,0,0,0,0
CHEBI:17251,,0,0,0,0,0
CHEBI:17748,,0,0,0,0,0
CHEBI:18250,,0,0,0,0,0
CHEBI:16455,,0,0,0,0,0
CHEBI:16857,,0,0,0,0,0
CHEBI:18400,,0,0,0,0,0
CHEBI:16267,,0,0,0,0,0
CHEBI:4222,,0,0,0,0,0
CHEBI:17663,,0,0,0,0,0
CHEBI:16175,,0,0,0,0,0
CHEBI:16842,,0,0,0,0,0
CHEBI:18228,,0,0,0,0,0
CHEBI:15406,,0,0,0,0,0
CHEBI:17127,,0,0,0,0,0
CHEBI:17782,,0,0,0,0,0
CHEBI:18376,,0,0,0,0,0
CHEBI:16866,,0,0,0,0,0
CHEBI:27451,,0,0,0,0,0
CHEBI:17336,,0,0,0,0,0
CHEBI:16952,,0,0,0,0,0
CHEBI:16444,,0,0,0,0,0
CHEBI:15771,,0,0,0,0,0
CHEBI:7963,,0,0,0,0,0
CHEBI:17459,,0,0,0,0,0
CHEBI:17818,,0,0,0,0,0
CHEBI:17823,,0,0,0,0,0
CHEBI:18026,,0,0,0,0,0
CHEBI:16927,,0,0,0,0,0
CHEBI:16434,,0,0,0,0,0
CHEBI:15955,,0,0,0,0,0
CHEBI:7956,,0,0,0,0,0
CHEBI:18101,,0,0,0,0,0
CHEBI:16303,,0,0,0,0,0
CHEBI:17693,,0,0,0,0,0
CHEBI:16581,,0,0,0,0,0
CHEBI:16641,,0,0,0,0,0
CHEBI:16284,,0,0,0,0,0
CHEBI:17253,,0,0,0,0,0
CHEBI:15548,,0,0,0,0,0
CHEBI:17231,,0,0,0,0,0
CHEBI:17244,,0,0,0,0,0
CHEBI:17245,,0,0,0,0,0
CHEBI:15613,,0,0,0,0,0
CHEBI:15984,,0,0,0,0,0
CHEBI:3960,,0,0,0,0,0
CHEBI:9110,,0,0,0,0,0
CHEBI:15637,,0,0,0,0,0
CHEBI:18164,,0,0,0,0,0
CHEBI:17596,,0,0,0,0,0
CHEBI:16925,,0,0,0,0,0
CHEBI:4046,,0,0,0,0,0
CHEBI:17037,,0,0,0,0,0
CHEBI:3510,,0,0,0,0,0
CHEBI:17980,,0,0,0,0,0
CHEBI:17484,,0,0,0,0,0
CHEBI:17456,,0,0,0,0,0
CHEBI:15580,,0,0,0,0,0
CHEBI:15829,,0,0,0,0,0
CHEBI:17237,,0,0,0,0,0
CHEBI:17556,,0,0,0,0,0
CHEBI:17388,,0,0,0,0,0
CHEBI:16051,,0,0,0,0,0
CHEBI:17623,0 ,128,704,208,0,0
CHEBI:16238,,0,0,0,0,0
CHEBI:17446,,0,0,0,0,0
CHEBI:16364,,0,0,0,0,0
CHEBI:6942,,0,0,0,0,0
CHEBI:18353,,0,0,0,0,0
CHEBI:15385,,0,0,0,0,0
CHEBI:17145,,0,0,0,0,0
CHEBI:16254,,0,0,0,0,0
CHEBI:17247,,0,0,0,0,0
CHEBI:15720,,0,0,0,0,0
CHEBI:16845,,0,0,0,0,0
CHEBI:17617,,0,0,0,0,0
CHEBI:6780,,0,0,0,0,0
CHEBI:17201,,0,0,0,0,0
CHEBI:17853,,0,0,0,0,0
CHEBI:21969,,0,0,0,0,0
CHEBI:17228,,0,0,0,0,0
CHEBI:15379,,0,0,0,0,0
CHEBI:18411,,0,0,0,0,0
CHEBI:16132,,0,0,0,0,0
CHEBI:15797,,0,0,0,0,0
CHEBI:8927,,0,0,0,0,0
CHEBI:16794,,0,0,0,0,0
CHEBI:15417,,0,0,0,0,0
CHEBI:7025,,0,0,0,0,0
CHEBI:16294,,0,0,0,0,0
CHEBI:15479,,0,0,0,0,0
CHEBI:15808,,0,0,0,0,0
CHEBI:17992,,0,0,0,0,0
CHEBI:17694,,0,0,0,0,0
CHEBI:16274,,0,0,0,0,0
CHEBI:16136,,0,0,0,0,0
CHEBI:17131,,0,0,0,0,0
CHEBI:17364,,0,0,0,0,0
CHEBI:17711,,0,0,0,0,0
CHEBI:18071,,0,0,0,0,0
CHEBI:19868,,0,0,0,0,0
CHEBI:16208,,0,0,0,0,0
CHEBI:15627,0 ,1,0,0,0,0
CHEBI:18072,,0,0,0,0,0
CHEBI:15351,,0,0,0,0,0
CHEBI:4309,,0,0,0,0,0
CHEBI:18067,,0,0,0,0,0
