CHEBI:9168,,
CHEBI:17708,,
CHEBI:17783,,
CHEBI:17010,,
CHEBI:16318,,
CHEBI:17561,,
CHEBI:18251,,
CHEBI:18075,,
CHEBI:17604,,
CHEBI:18019,,
CHEBI:16123,6  6  6  (0:1): 3 (0:2): 3 (1:2): 3 , ,
CHEBI:27454,,
CHEBI:17969,,
CHEBI:16320,,
CHEBI:18425,,
CHEBI:16485,,
CHEBI:15652,,
CHEBI:16864,,
CHEBI:15766,,
CHEBI:17966,,
CHEBI:27438,,
CHEBI:17177,,
CHEBI:18115,,
CHEBI:16474,,
CHEBI:17860,,
CHEBI:16725,,
CHEBI:17712,,
CHEBI:17582,,
CHEBI:18384,,
CHEBI:15558,,
CHEBI:3082,,
CHEBI:15674,,
CHEBI:15569,,
CHEBI:17082,,
CHEBI:15714,,
CHEBI:15513,,
CHEBI:3353,,
CHEBI:15636,,
CHEBI:16430,,
CHEBI:15622,,
CHEBI:18431,,
CHEBI:4882,,
CHEBI:17614,,
CHEBI:2676,,
CHEBI:27409,,
CHEBI:15646,,
CHEBI:15783,,
CHEBI:18386,,
CHEBI:16924,,
CHEBI:16997,,
CHEBI:15893,,
CHEBI:17206,,
CHEBI:16730,,
CHEBI:16399,,
CHEBI:17031,,
CHEBI:17864,,
CHEBI:18256,,
CHEBI:16578,,
CHEBI:16104,,
CHEBI:17134,,
CHEBI:18304,,
CHEBI:17871,,
CHEBI:17509,,
CHEBI:15997,,
CHEBI:18065,,
CHEBI:17084,,
CHEBI:18082,,
CHEBI:2295,,
CHEBI:17262,,
CHEBI:16122,,
CHEBI:15402,,
CHEBI:18413,,
CHEBI:15604,,
CHEBI:16747,,
CHEBI:16853,,
CHEBI:17360,,
CHEBI:17094,,
CHEBI:16236,,
CHEBI:8405,,
CHEBI:17866,,
CHEBI:16215,,
CHEBI:18344,,
CHEBI:16021,,
CHEBI:15751,,
CHEBI:6332,,
CHEBI:17117,,
CHEBI:16647,,
CHEBI:16955,,
CHEBI:15437,,
CHEBI:21557,,
CHEBI:17307,,
CHEBI:15915,,
CHEBI:17310,,
CHEBI:16072,,
CHEBI:3398,,
CHEBI:17160,,
CHEBI:17489,,
CHEBI:16373,,
CHEBI:18188,,
CHEBI:16768,,
CHEBI:16522,,
CHEBI:17275,,
CHEBI:17284,,
CHEBI:11901,,
CHEBI:18295,,
CHEBI:16450,,
CHEBI:18047,,
CHEBI:16695,,
CHEBI:17548,,
CHEBI:16937,,
CHEBI:1895,,
CHEBI:17332,,
CHEBI:18078,,
CHEBI:27444,,
CHEBI:21553,,
CHEBI:16715,,
CHEBI:15532,,
CHEBI:16859,,
CHEBI:18320,,
CHEBI:15461,,
CHEBI:17863,,
CHEBI:17047,,
CHEBI:16288,,
CHEBI:16685,,
CHEBI:15401,,
CHEBI:15895,,
CHEBI:17400,5  6  6  (0:3): 1 (0:4): 1 (3:4): 3 , 5  6  6  (0:3): 1 (0:5): 2 (3:5): 1 , 5  6  6  (0:4): 1 (0:5): 2 (4:5): 2 , 6  6  6  (2:3): 3 (2:4): 3 (3:4): 3 , 6  6  6  (2:3): 3 (2:5): 1 (3:5): 1 , 6  6  6  (2:4): 3 (2:5): 1 (4:5): 2 , 6  6  6  (3:4): 3 (3:5): 1 (4:5): 2 , ,
CHEBI:16880,,
CHEBI:15574,,
CHEBI:16634,,
CHEBI:15741,,
CHEBI:16240,,
CHEBI:15708,,
CHEBI:16600,,
CHEBI:17189,,
CHEBI:2303,,
CHEBI:16711,,
CHEBI:4759,,
CHEBI:16960,,
CHEBI:15477,,
CHEBI:17407,,
CHEBI:15914,,
CHEBI:6997,,
CHEBI:16489,,
CHEBI:18124,,
CHEBI:18283,,
CHEBI:18021,,
CHEBI:17198,,
CHEBI:15559,,
CHEBI:17587,,
CHEBI:16207,,
CHEBI:15488,,
CHEBI:18335,,
CHEBI:16802,,
CHEBI:17757,,
CHEBI:15473,,
CHEBI:18407,,
CHEBI:4822,5  6  6  (0:1): 1 (0:2): 1 (1:2): 1 , ,
CHEBI:16919,,
CHEBI:18169,,
CHEBI:3008,,
CHEBI:17715,,
CHEBI:2365,,
CHEBI:15669,,
CHEBI:17510,,
CHEBI:16996,,
CHEBI:18365,,
CHEBI:16130,,
CHEBI:18402,,
CHEBI:17141,,
CHEBI:16432,,
CHEBI:27440,,
CHEBI:16227,,
CHEBI:18106,,
CHEBI:16060,6  6  6  (2:3): 1 (2:4): 1 (3:4): 3 , 6  6  6  (2:3): 1 (2:5): 2 (3:5): 3 , 6  6  6  (2:4): 1 (2:5): 2 (4:5): 3 , 6  6  6  (3:4): 3 (3:5): 3 (4:5): 3 , ,
CHEBI:17716,,
CHEBI:18327,,
CHEBI:17230,,
CHEBI:16251,,
CHEBI:17796,,
CHEBI:10110,,
CHEBI:17756,,
CHEBI:18012,,
CHEBI:24809,,
CHEBI:16312,,
CHEBI:17342,,
CHEBI:4974,,
CHEBI:27460,,
CHEBI:18200,,
CHEBI:17879,,
CHEBI:8890,,
CHEBI:16865,,
CHEBI:27379,,
CHEBI:18263,,
CHEBI:19982,,
CHEBI:4379,,
CHEBI:15968,,
CHEBI:15527,,
CHEBI:16867,,
CHEBI:18084,,
CHEBI:15539,,
CHEBI:10642,,
CHEBI:17030,,
CHEBI:16189,,
CHEBI:18034,,
CHEBI:17316,,
CHEBI:15557,,
CHEBI:17338,,
CHEBI:4884,,
CHEBI:17545,,
CHEBI:4670,,
CHEBI:17043,,
CHEBI:16716,,
CHEBI:26199,,
CHEBI:16984,,
CHEBI:15894,,
CHEBI:17658,,
CHEBI:16625,,
CHEBI:27434,,
CHEBI:15594,,
CHEBI:16931,,
CHEBI:18174,,
CHEBI:16741,,
CHEBI:16682,,
CHEBI:16509,,
CHEBI:15421,,
CHEBI:17572,,
CHEBI:18303,,
CHEBI:21891,,
CHEBI:15368,,
CHEBI:4932,,
CHEBI:16886,,
CHEBI:17576,,
CHEBI:18311,,
CHEBI:16080,,
CHEBI:17964,,
CHEBI:3139,,
CHEBI:18354,,
CHEBI:17683,,
CHEBI:15607,,
CHEBI:16100,,
CHEBI:17410,,
CHEBI:16841,,
CHEBI:17922,,
CHEBI:17979,,
CHEBI:16020,,
CHEBI:17395,,
CHEBI:18418,,
CHEBI:18417,,
CHEBI:17647,,
CHEBI:18155,,
CHEBI:27452,,
CHEBI:16359,,
CHEBI:4514,,
CHEBI:17413,,
CHEBI:15426,,
CHEBI:7747,,
CHEBI:20794,,
CHEBI:17207,,
CHEBI:15941,,
CHEBI:16257,,
CHEBI:17514,,
CHEBI:27406,,
CHEBI:16120,,
CHEBI:17960,,
CHEBI:17525,,
CHEBI:3504,,
CHEBI:18346,,
CHEBI:17846,,
CHEBI:15535,,
CHEBI:9023,,
CHEBI:18156,,
CHEBI:17023,,
CHEBI:27398,,
CHEBI:16064,,
CHEBI:17875,,
CHEBI:15689,,
CHEBI:16710,,
CHEBI:18022,,
CHEBI:18247,,
CHEBI:18033,,
CHEBI:15832,,
CHEBI:10023,,
CHEBI:7071,,
CHEBI:17409,,
CHEBI:17319,,
CHEBI:18132,,
CHEBI:17469,,
CHEBI:16464,,
CHEBI:17340,,
CHEBI:18144,,
CHEBI:15671,,
CHEBI:18080,,
CHEBI:15634,,
CHEBI:27404,,
CHEBI:18316,,
CHEBI:19643,,
CHEBI:16286,,
CHEBI:15665,,
CHEBI:16671,,
CHEBI:16142,,
CHEBI:16453,,
CHEBI:16111,,
CHEBI:1712,,
CHEBI:17256,,
CHEBI:3354,,
CHEBI:17574,,
CHEBI:18398,,
CHEBI:17465,,
CHEBI:25629,,
CHEBI:18093,,
CHEBI:16335,,
CHEBI:17886,,
CHEBI:15725,,
CHEBI:17763,,
CHEBI:27410,,
CHEBI:16835,,
CHEBI:17110,,
CHEBI:15767,,
CHEBI:17114,,
CHEBI:15570,,
CHEBI:17403,,
CHEBI:18284,,
CHEBI:17559,,
CHEBI:15459,,
CHEBI:15346,,
CHEBI:17318,,
CHEBI:12257,,
CHEBI:16765,,
CHEBI:16552,,
CHEBI:16746,,
CHEBI:17773,,
CHEBI:15374,,
CHEBI:8435,,
CHEBI:15838,,
CHEBI:17907,,
CHEBI:15907,,
CHEBI:16380,5  6  6  (1:3): 1 (1:4): 1 (3:4): 1 , ,
CHEBI:18009,,
CHEBI:15353,,
CHEBI:18129,,
CHEBI:15930,,
CHEBI:16048,,
CHEBI:18240,,
CHEBI:18415,,
CHEBI:3756,,
CHEBI:16967,,
CHEBI:16067,,
CHEBI:17382,,
CHEBI:15516,,
CHEBI:18307,,
CHEBI:27428,,
CHEBI:16470,,
CHEBI:15890,,
CHEBI:16948,,
CHEBI:16720,,
CHEBI:16656,,
CHEBI:16243,,
CHEBI:3716,,
CHEBI:17359,,
CHEBI:15547,,
CHEBI:3112,,
CHEBI:17793,,
CHEBI:15590,,
CHEBI:17828,,
CHEBI:16731,,
CHEBI:18197,,
CHEBI:15999,,
CHEBI:15711,,
CHEBI:18410,,
CHEBI:17221,,
CHEBI:16877,,
CHEBI:16210,,
CHEBI:17533,,
CHEBI:15504,,
CHEBI:16511,,
CHEBI:16652,,
CHEBI:16137,,
CHEBI:15934,,
CHEBI:9215,,
CHEBI:15556,,
CHEBI:2686,,
CHEBI:17661,,
CHEBI:7798,,
CHEBI:16749,,
CHEBI:15925,,
CHEBI:17104,,
CHEBI:15728,,
CHEBI:18113,,
CHEBI:17213,,
CHEBI:17687,,
CHEBI:15337,,
CHEBI:17874,,
CHEBI:15463,,
CHEBI:16413,,
CHEBI:16689,,
CHEBI:15499,,
CHEBI:15878,,
CHEBI:16148,,
CHEBI:16230,,
CHEBI:2631,,
CHEBI:15386,,
CHEBI:17312,,
CHEBI:15661,,
CHEBI:16709,,
CHEBI:16863,,
CHEBI:18153,,
CHEBI:15807,,
CHEBI:16549,,
CHEBI:27462,,
CHEBI:5721,,
CHEBI:17769,,
CHEBI:3523,,
CHEBI:18288,,
CHEBI:16770,,
CHEBI:16237,,
CHEBI:3996,,
CHEBI:17130,,
CHEBI:16639,,
CHEBI:27389,,
CHEBI:16496,,
CHEBI:16926,,
CHEBI:16569,,
CHEBI:17078,,
CHEBI:16053,,
CHEBI:17019,,
CHEBI:16895,,
CHEBI:17854,,
CHEBI:15677,,
CHEBI:4562,5  6  6  (0:1): 1 (0:3): 1 (1:3): 1 , ,
CHEBI:16718,,
CHEBI:15769,,
CHEBI:17000,,
CHEBI:17199,,
CHEBI:16040,,
CHEBI:16593,,
CHEBI:27448,,
CHEBI:15854,6  6  6  (0:1): 3 (0:2): 3 (1:2): 3 , ,
CHEBI:15798,,
CHEBI:16113,,
CHEBI:10447,,
CHEBI:3387,,
CHEBI:15492,,
CHEBI:16358,,
CHEBI:17195,,
CHEBI:3485,,
CHEBI:16036,,
CHEBI:15692,5  6  7  (0:6): 1 (0:7): 1 (6:7): 1 , 5  6  7  (1:6): 1 (1:7): 1 (6:7): 1 , ,
CHEBI:16699,,
CHEBI:15917,,
CHEBI:16566,,
CHEBI:7789,,
CHEBI:16831,,
CHEBI:18394,,
CHEBI:16128,,
CHEBI:11449,,
CHEBI:9362,,
CHEBI:16168,,
CHEBI:16314,,
CHEBI:15742,,
CHEBI:3537,,
CHEBI:16345,,
CHEBI:16141,,
CHEBI:15602,,
CHEBI:17279,,
CHEBI:18027,,
CHEBI:6897,,
CHEBI:17162,,
CHEBI:17441,,
CHEBI:15770,,
CHEBI:15425,,
CHEBI:16548,4  5  5  (0:2): 1 (0:3): 1 (2:3): 1 , 4  5  5  (0:2): 1 (0:4): 1 (2:4): 2 , 4  5  5  (0:3): 1 (0:5): 1 (3:5): 2 , 4  5  5  (0:4): 1 (0:5): 1 (4:5): 1 , 4  5  5  (1:2): 1 (1:3): 1 (2:3): 1 , 4  5  5  (1:2): 1 (1:4): 1 (2:4): 2 , 4  5  5  (1:3): 1 (1:5): 1 (3:5): 2 , 4  5  5  (1:4): 1 (1:5): 1 (4:5): 1 , ,
CHEBI:17665,,
CHEBI:17394,,
CHEBI:16780,,
CHEBI:16830,,
CHEBI:16889,,
CHEBI:15659,,
CHEBI:16976,,
CHEBI:15664,,
CHEBI:15472,,
CHEBI:15403,,
CHEBI:21412,,
CHEBI:17778,,
CHEBI:16622,,
CHEBI:17646,,
CHEBI:16011,,
CHEBI:17467,,
CHEBI:16998,,
CHEBI:15601,,
CHEBI:16063,,
CHEBI:17741,,
CHEBI:17786,,
CHEBI:17460,,
CHEBI:15566,,
CHEBI:16134,,
CHEBI:17129,,
CHEBI:16091,,
CHEBI:9997,,
CHEBI:15902,,
CHEBI:17219,,
CHEBI:17065,,
CHEBI:9118,,
CHEBI:16568,,
CHEBI:6909,,
CHEBI:17075,,
CHEBI:17072,,
CHEBI:15924,,
CHEBI:16308,,
CHEBI:18234,,
CHEBI:17641,,
CHEBI:18150,,
CHEBI:15427,,
CHEBI:16836,,
CHEBI:16324,5  6  24  (0:2): 1 (0:4): 2 (2:4): 1 , 5  6  24  (0:2): 1 (0:5): 2 (2:5): 2 , 5  24  24  (0:4): 2 (0:5): 2 (4:5): 21 , 6  6  24  (2:3): 1 (2:4): 1 (3:4): 3 , 6  6  24  (2:3): 1 (2:5): 2 (3:5): 3 , 6  24  24  (2:4): 1 (2:5): 2 (4:5): 21 , 6  24  24  (3:4): 3 (3:5): 3 (4:5): 21 , ,
CHEBI:25682,,
CHEBI:17203,,
CHEBI:18421,,
CHEBI:17143,,
CHEBI:15615,,
CHEBI:8884,,
CHEBI:15537,,
CHEBI:17822,,
CHEBI:16965,,
CHEBI:16778,,
CHEBI:17040,,
CHEBI:4325,,
CHEBI:15845,,
CHEBI:16418,,
CHEBI:24367,,
CHEBI:16942,,
CHEBI:15996,,
CHEBI:15976,,
CHEBI:3696,,
CHEBI:18329,,
CHEBI:21695,,
CHEBI:16883,,
CHEBI:18285,,
CHEBI:15693,,
CHEBI:27432,,
CHEBI:15419,,
CHEBI:15475,,
CHEBI:16785,,
CHEBI:15938,,
CHEBI:16004,,
CHEBI:16505,,
CHEBI:1148,,
CHEBI:16235,,
CHEBI:3240,,
CHEBI:18094,,
CHEBI:17594,,
CHEBI:1296,,
CHEBI:15673,,
CHEBI:15523,,
CHEBI:16497,,
CHEBI:27391,,
CHEBI:16775,,
CHEBI:9468,,
CHEBI:17379,,
CHEBI:15707,,
CHEBI:15366,,
CHEBI:15372,,
CHEBI:16892,,
CHEBI:16504,,
CHEBI:17784,,
CHEBI:4778,,
CHEBI:17381,,
CHEBI:15749,,
CHEBI:15987,,
CHEBI:17811,,
CHEBI:17688,,
CHEBI:15361,,
CHEBI:17217,,
CHEBI:17125,,
CHEBI:16473,,
CHEBI:17927,,
CHEBI:16870,,
CHEBI:15745,,
CHEBI:27380,,
CHEBI:17643,,
CHEBI:18370,,
CHEBI:17433,,
CHEBI:6121,,
CHEBI:15586,,
CHEBI:16466,,
CHEBI:15453,,
CHEBI:18388,,
CHEBI:17044,,
CHEBI:17632,,
CHEBI:15495,,
CHEBI:7627,,
CHEBI:16209,,
CHEBI:16536,,
CHEBI:17027,,
CHEBI:15901,,
CHEBI:17045,,
CHEBI:4904,,
CHEBI:16987,,
CHEBI:3720,,
CHEBI:16603,,
CHEBI:7569,,
CHEBI:4354,,
CHEBI:8881,,
CHEBI:16439,,
CHEBI:3216,5  6  6  (0:2): 1 (0:3): 1 (2:3): 1 , 5  6  6  (0:3): 1 (0:5): 1 (3:5): 1 , 5  6  6  (0:3): 1 (0:6): 1 (3:6): 1 , 5  6  6  (0:5): 1 (0:6): 1 (5:6): 3 , 6  6  6  (1:5): 3 (1:6): 3 (5:6): 3 , 6  6  6  (3:4): 2 (3:5): 1 (4:5): 1 , 6  6  6  (3:4): 2 (3:6): 1 (4:6): 1 , 6  6  6  (3:5): 1 (3:6): 1 (5:6): 3 , 6  6  6  (4:5): 1 (4:6): 1 (5:6): 3 , ,
CHEBI:15739,,
CHEBI:15651,,
CHEBI:17728,,
CHEBI:15440,,
CHEBI:16074,,
CHEBI:18112,,
CHEBI:18261,,
CHEBI:18396,,
CHEBI:16675,,
CHEBI:16990,,
CHEBI:16848,,
CHEBI:17241,,
CHEBI:17285,,
CHEBI:17470,,
CHEBI:27399,,
CHEBI:25858,,
CHEBI:17862,,
CHEBI:16163,,
CHEBI:17096,,
CHEBI:1269,,
CHEBI:15886,,
CHEBI:17579,,
CHEBI:17121,,
CHEBI:17136,,
CHEBI:15640,,
CHEBI:18127,,
CHEBI:17780,,
CHEBI:15342,5  6  6  (0:1): 1 (0:2): 1 (1:2): 1 , ,
CHEBI:18083,,
CHEBI:15621,,
CHEBI:15724,,
CHEBI:8048,,
CHEBI:16595,,
CHEBI:16383,,
CHEBI:17165,,
CHEBI:17132,,
CHEBI:15936,,
CHEBI:16791,5  6  6  (0:3): 1 (0:4): 1 (3:4): 3 , 5  6  6  (0:3): 1 (0:5): 2 (3:5): 1 , 5  6  6  (0:4): 1 (0:5): 2 (4:5): 2 , 6  6  6  (2:3): 3 (2:4): 3 (3:4): 3 , 6  6  6  (2:3): 3 (2:5): 1 (3:5): 1 , 6  6  6  (2:4): 3 (2:5): 1 (4:5): 2 , 6  6  6  (3:4): 3 (3:5): 1 (4:5): 2 , ,
CHEBI:17257,,
CHEBI:15588,,
CHEBI:6698,,
CHEBI:4821,5  6  6  (3:4): 1 (3:5): 1 (4:5): 1 , ,
CHEBI:18168,,
CHEBI:18917,,
CHEBI:18118,,
CHEBI:16292,,
CHEBI:17059,,
CHEBI:17205,,
CHEBI:17798,,
CHEBI:16755,,
CHEBI:18238,,
CHEBI:16995,,
CHEBI:17610,,
CHEBI:5163,,
CHEBI:15633,,
CHEBI:15947,,
CHEBI:18239,,
CHEBI:18427,,
CHEBI:16821,,
CHEBI:18405,,
CHEBI:18363,,
CHEBI:18351,,
CHEBI:16696,,
CHEBI:17801,,
CHEBI:16583,,
CHEBI:18131,,
CHEBI:3663,,
CHEBI:16287,,
CHEBI:17755,,
CHEBI:17989,,
CHEBI:16958,,
CHEBI:16488,,
CHEBI:9368,,
CHEBI:15781,,
CHEBI:3493,,
CHEBI:15614,,
CHEBI:16331,,
CHEBI:15449,,
CHEBI:21371,,
CHEBI:16261,,
CHEBI:15896,,
CHEBI:16557,,
CHEBI:15821,,
CHEBI:17146,,
CHEBI:17291,,
CHEBI:15487,,
CHEBI:16651,,
CHEBI:18227,,
CHEBI:17897,,
CHEBI:15862,,
CHEBI:5445,,
CHEBI:15911,,
CHEBI:15485,,
CHEBI:17464,,
CHEBI:27373,,
CHEBI:17520,,
CHEBI:16093,,
CHEBI:16620,,
CHEBI:15816,,
CHEBI:15643,,
CHEBI:16846,,
CHEBI:15670,,
CHEBI:17976,,
CHEBI:15916,,
CHEBI:16766,,
CHEBI:27392,,
CHEBI:17328,,
CHEBI:16763,,
CHEBI:16510,,
CHEBI:16409,,
CHEBI:15481,,
CHEBI:17619,,
CHEBI:15937,,
CHEBI:17346,,
CHEBI:16001,,
CHEBI:15655,,
CHEBI:27413,,
CHEBI:16968,,
CHEBI:16017,,
CHEBI:16313,,
CHEBI:23965,,
CHEBI:16943,,
CHEBI:4909,,
CHEBI:17684,,
CHEBI:17750,,
CHEBI:15696,,
CHEBI:16773,,
CHEBI:16172,,
CHEBI:16460,,
CHEBI:16390,,
CHEBI:18333,,
CHEBI:16542,,
CHEBI:8069,,
CHEBI:15860,,
CHEBI:15553,,
CHEBI:16803,,
CHEBI:17540,,
CHEBI:3499,,
CHEBI:16408,5  6  6  (0:3): 1 (0:4): 1 (3:4): 3 , 5  6  6  (0:3): 1 (0:5): 2 (3:5): 1 , 5  6  6  (0:4): 1 (0:5): 2 (4:5): 2 , 6  6  6  (2:3): 3 (2:4): 3 (3:4): 3 , 6  6  6  (2:3): 3 (2:5): 1 (3:5): 1 , 6  6  6  (2:4): 3 (2:5): 1 (4:5): 2 , 6  6  6  (3:4): 3 (3:5): 1 (4:5): 2 , ,
CHEBI:16099,,
CHEBI:17502,,
CHEBI:4513,,
CHEBI:16404,,
CHEBI:16607,,
CHEBI:15538,,
CHEBI:16138,,
CHEBI:17868,,
CHEBI:17609,,
CHEBI:16861,,
CHEBI:17276,,
CHEBI:16704,,
CHEBI:16645,,
CHEBI:19030,,
CHEBI:17867,,
CHEBI:9287,,
CHEBI:15645,,
CHEBI:18152,,
CHEBI:17068,,
CHEBI:16019,,
CHEBI:16190,,
CHEBI:9688,,
CHEBI:17138,,
CHEBI:15977,,
CHEBI:17552,,
CHEBI:15525,,
CHEBI:17953,,
CHEBI:16317,,
CHEBI:16437,,
CHEBI:17585,,
CHEBI:15933,,
CHEBI:165,,
CHEBI:16871,,
CHEBI:17550,,
CHEBI:17485,,
CHEBI:17026,,
CHEBI:1233,,
CHEBI:18243,,
CHEBI:16797,,
CHEBI:17945,,
CHEBI:16582,,
CHEBI:16628,,
CHEBI:17039,,
CHEBI:3994,,
CHEBI:16384,,
CHEBI:18429,,
CHEBI:15603,,
CHEBI:17709,,
CHEBI:15717,,
CHEBI:16885,,
CHEBI:16471,,
CHEBI:16097,,
CHEBI:15396,,
CHEBI:17791,,
CHEBI:16213,,
CHEBI:17036,,
CHEBI:17573,,
CHEBI:17735,,
CHEBI:16487,,
CHEBI:90,,
CHEBI:9671,,
CHEBI:15905,,
CHEBI:16118,,
CHEBI:5091,,
CHEBI:15583,,
CHEBI:17699,5  6  6  (1:3): 1 (1:4): 1 (3:4): 1 , ,
CHEBI:15544,,
CHEBI:4887,,
CHEBI:15668,,
CHEBI:15414,,
CHEBI:17911,,
CHEBI:17420,,
CHEBI:15931,,
CHEBI:16531,,
CHEBI:6339,,
CHEBI:16217,,
CHEBI:17631,,
CHEBI:9241,,
CHEBI:16929,,
CHEBI:15466,,
CHEBI:16231,,
CHEBI:16351,,
CHEBI:17990,,
CHEBI:16410,,
CHEBI:17113,,
CHEBI:18157,,
CHEBI:20110,,
CHEBI:15846,,
CHEBI:15648,,
CHEBI:17982,,
CHEBI:18383,,
CHEBI:15957,,
CHEBI:18193,,
CHEBI:17181,,
CHEBI:15754,,
CHEBI:3650,,
CHEBI:16000,,
CHEBI:17457,,
CHEBI:17838,,
CHEBI:16547,,
CHEBI:16812,,
CHEBI:16229,,
CHEBI:17009,,
CHEBI:5000,,
CHEBI:15687,,
CHEBI:17194,,
CHEBI:18030,,
CHEBI:15545,,
CHEBI:16515,,
CHEBI:16382,,
CHEBI:15801,,
CHEBI:17180,,
CHEBI:15409,,
CHEBI:18236,,
CHEBI:18092,,
CHEBI:17048,,
CHEBI:16154,,
CHEBI:16057,,
CHEBI:15653,,
CHEBI:25461,,
CHEBI:17063,,
CHEBI:17717,,
CHEBI:17323,,
CHEBI:16233,,
CHEBI:16290,,
CHEBI:15388,,
CHEBI:15502,,
CHEBI:18257,,
CHEBI:16744,,
CHEBI:9442,,
CHEBI:8107,,
CHEBI:15389,,
CHEBI:17892,,
CHEBI:16820,,
CHEBI:17602,,
CHEBI:17597,,
CHEBI:15387,,
CHEBI:17713,,
CHEBI:17605,,
CHEBI:15338,,
CHEBI:18252,,
CHEBI:16964,,
CHEBI:17453,,
CHEBI:16908,,
CHEBI:15723,,
CHEBI:15510,,
CHEBI:17682,,
CHEBI:16881,,
CHEBI:17172,,
CHEBI:17214,,
CHEBI:16787,,
CHEBI:15552,,
CHEBI:15483,,
CHEBI:16246,,
CHEBI:18013,,
CHEBI:17417,,
CHEBI:15410,,
CHEBI:15776,,
CHEBI:17942,,
CHEBI:16435,,
CHEBI:16421,,
CHEBI:15825,,
CHEBI:18002,,
CHEBI:15576,,
CHEBI:16660,,
CHEBI:16260,,
CHEBI:17642,,
CHEBI:15555,,
CHEBI:16032,,
CHEBI:18385,,
CHEBI:16427,,
CHEBI:13769,,
CHEBI:17437,,
CHEBI:15892,,
CHEBI:16482,,
CHEBI:17254,,
CHEBI:18123,,
CHEBI:17919,,
CHEBI:18248,,
CHEBI:16106,,
CHEBI:16764,,
CHEBI:15994,,
CHEBI:15773,,
CHEBI:17033,,
CHEBI:15521,,
CHEBI:16703,,
CHEBI:15595,,
CHEBI:18219,,
CHEBI:18204,,
CHEBI:16530,,
CHEBI:16310,,
CHEBI:18205,,
CHEBI:16363,,
CHEBI:17885,,
CHEBI:17689,,
CHEBI:16669,,
CHEBI:16034,,
CHEBI:15863,,
CHEBI:18042,,
CHEBI:2682,,
CHEBI:18206,,
CHEBI:4946,,
CHEBI:15536,,
CHEBI:17839,,
CHEBI:16508,,
CHEBI:17751,,
CHEBI:18290,,
CHEBI:16615,,
CHEBI:16698,,
CHEBI:16739,,
CHEBI:18202,,
CHEBI:16843,,
CHEBI:4495,,
CHEBI:16027,,
CHEBI:16828,,
CHEBI:7638,,
CHEBI:17365,,
CHEBI:15506,,
CHEBI:17079,,
CHEBI:18040,,
CHEBI:7438,,
CHEBI:27388,,
CHEBI:17069,,
CHEBI:15452,,
CHEBI:18420,,
CHEBI:27446,,
CHEBI:16668,,
CHEBI:27430,,
CHEBI:16392,,
CHEBI:15760,,
CHEBI:17532,,
CHEBI:15820,,
CHEBI:27385,,
CHEBI:18007,,
CHEBI:27371,,
CHEBI:17847,,
CHEBI:16222,,
CHEBI:16305,,
CHEBI:18081,,
CHEBI:15363,,
CHEBI:17926,,
CHEBI:16264,,
CHEBI:3395,,
CHEBI:7447,,
CHEBI:18306,,
CHEBI:17794,,
CHEBI:27382,,
CHEBI:17967,,
CHEBI:17294,,
CHEBI:15551,,
CHEBI:15411,,
CHEBI:16855,,
CHEBI:16913,,
CHEBI:17309,,
CHEBI:15345,,
CHEBI:16507,,
CHEBI:16985,,
CHEBI:18300,,
CHEBI:17419,,
CHEBI:17767,,
CHEBI:15793,,
CHEBI:15457,,
CHEBI:16112,,
CHEBI:15533,,
CHEBI:17122,,
CHEBI:16555,,
CHEBI:15882,,
CHEBI:15819,,
CHEBI:15641,,
CHEBI:17998,,
CHEBI:17830,,
CHEBI:17905,,
CHEBI:17296,,
CHEBI:17192,,
CHEBI:16375,,
CHEBI:17028,,
CHEBI:16129,,
CHEBI:16098,,
CHEBI:5004,,
CHEBI:18171,,
CHEBI:17281,,
CHEBI:15484,,
CHEBI:17650,,
CHEBI:4916,,
CHEBI:16101,,
CHEBI:2956,,
CHEBI:15581,,
CHEBI:5722,,
CHEBI:17071,,
CHEBI:16693,,
CHEBI:16008,,
CHEBI:16933,,
CHEBI:17154,,
CHEBI:16827,,
CHEBI:15382,,
CHEBI:15573,,
CHEBI:18355,,
CHEBI:15399,,
CHEBI:15424,,
CHEBI:16525,,
CHEBI:18120,,
CHEBI:18185,,
CHEBI:17426,,
CHEBI:15978,,
CHEBI:17553,,
CHEBI:17140,,
CHEBI:17442,,
CHEBI:15598,,
CHEBI:16221,,
CHEBI:3303,,
CHEBI:27411,,
CHEBI:15394,,
CHEBI:17333,,
CHEBI:17865,,
CHEBI:17443,,
CHEBI:16959,,
CHEBI:16028,,
CHEBI:9190,,
CHEBI:17041,,
CHEBI:27439,,
CHEBI:17895,,
CHEBI:16981,,
CHEBI:20331,,
CHEBI:18220,,
CHEBI:17590,,
CHEBI:17577,,
CHEBI:15591,,
CHEBI:15942,,
CHEBI:15416,,
CHEBI:16299,,
CHEBI:18138,,
CHEBI:17633,,
CHEBI:16342,,
CHEBI:4784,,
CHEBI:15906,,
CHEBI:15782,,
CHEBI:15920,,
CHEBI:16702,,
CHEBI:16494,,
CHEBI:16537,,
CHEBI:18104,,
CHEBI:17621,,
CHEBI:16387,,
CHEBI:16904,,
CHEBI:17667,,
CHEBI:18036,,
CHEBI:2030,,
CHEBI:16546,,
CHEBI:3900,,
CHEBI:15470,,
CHEBI:18298,,
CHEBI:16535,,
CHEBI:7489,,
CHEBI:16326,,
CHEBI:16079,,
CHEBI:15554,,
CHEBI:17827,,
CHEBI:16691,,
CHEBI:15578,,
CHEBI:4788,,
CHEBI:18395,,
CHEBI:17869,,
CHEBI:17025,,
CHEBI:16750,,
CHEBI:18014,,
CHEBI:27375,5  6  6  (5:7): 1 (5:8): 1 (7:8): 1 , ,
CHEBI:15698,,
CHEBI:15454,,
CHEBI:4858,,
CHEBI:18305,,
CHEBI:17909,,
CHEBI:17428,,
CHEBI:15837,,
CHEBI:17506,,
CHEBI:18102,,
CHEBI:17544,,
CHEBI:7907,,
CHEBI:9150,,
CHEBI:15702,,
CHEBI:17179,,
CHEBI:18358,,
CHEBI:17655,,
CHEBI:16143,,
CHEBI:4470,6  6  6  (1:2): 1 (1:3): 1 (2:3): 2 , ,
CHEBI:27049,,
CHEBI:17639,,
CHEBI:17406,,
CHEBI:3319,,
CHEBI:18064,,
CHEBI:16095,,
CHEBI:16941,,
CHEBI:17497,,
CHEBI:16265,,
CHEBI:16182,,
CHEBI:16712,,
CHEBI:16664,,
CHEBI:27405,,
CHEBI:17057,,
CHEBI:17344,,
CHEBI:16343,,
CHEBI:17376,,
CHEBI:17560,,
CHEBI:16774,,
CHEBI:16551,,
CHEBI:15954,,
CHEBI:16767,,
CHEBI:16393,,
CHEBI:16579,,
CHEBI:17133,,
CHEBI:16253,,
CHEBI:16302,,
CHEBI:25879,,
CHEBI:18134,,
CHEBI:17475,,
CHEBI:18095,,
CHEBI:27372,,
CHEBI:15966,,
CHEBI:15564,,
CHEBI:16193,,
CHEBI:16268,,
CHEBI:15577,,
CHEBI:15843,,
CHEBI:16405,,
CHEBI:17431,,
CHEBI:3642,,
CHEBI:8772,,
CHEBI:6757,,
CHEBI:15943,,
CHEBI:15628,,
CHEBI:1734,,
CHEBI:18242,,
CHEBI:17649,,
CHEBI:18401,,
CHEBI:17985,,
CHEBI:18293,,
CHEBI:16135,,
CHEBI:18322,,
CHEBI:18189,,
CHEBI:16610,,
CHEBI:17447,,
CHEBI:17536,,
CHEBI:18428,,
CHEBI:15423,,
CHEBI:16813,,
CHEBI:17337,,
CHEBI:18160,,
CHEBI:16495,,
CHEBI:15619,,
CHEBI:17196,,
CHEBI:15663,,
CHEBI:18025,,
CHEBI:15929,,
CHEBI:17404,,
CHEBI:15428,,
CHEBI:16514,,
CHEBI:15786,,
CHEBI:15571,,
CHEBI:20833,,
CHEBI:16479,,
CHEBI:17436,,
CHEBI:15918,,
CHEBI:16092,,
CHEBI:18062,,
CHEBI:17901,,
CHEBI:16591,,
CHEBI:17797,,
CHEBI:17128,,
CHEBI:16085,,
CHEBI:18046,,
CHEBI:17243,,
CHEBI:16165,,
CHEBI:2700,,
CHEBI:18224,,
CHEBI:16894,,
CHEBI:15395,,
CHEBI:7959,,
CHEBI:15713,,
CHEBI:16932,,
CHEBI:16934,,
CHEBI:18237,,
CHEBI:2873,,
CHEBI:776,,
CHEBI:17884,,
CHEBI:16833,,
CHEBI:18066,,
CHEBI:16540,,
CHEBI:17698,,
CHEBI:16523,,
CHEBI:17720,,
CHEBI:17163,,
CHEBI:18032,,
CHEBI:15355,,
CHEBI:15953,,
CHEBI:17938,,
CHEBI:17821,,
CHEBI:27458,,
CHEBI:18041,,
CHEBI:17592,,
CHEBI:18086,,
CHEBI:17983,,
CHEBI:27429,,
CHEBI:15946,,
CHEBI:15465,,
CHEBI:16423,,
CHEBI:18005,,
CHEBI:16394,,
CHEBI:15467,,
CHEBI:18119,,
CHEBI:17374,,
CHEBI:17703,,
CHEBI:17736,,
CHEBI:16327,,
CHEBI:18249,,
CHEBI:17859,,
CHEBI:16790,,
CHEBI:16874,,
CHEBI:17458,,
CHEBI:17438,,
CHEBI:15746,,
CHEBI:16544,,
CHEBI:15812,,
CHEBI:15981,,
CHEBI:15546,,
CHEBI:15805,,
CHEBI:18350,,
CHEBI:18089,,
CHEBI:16133,,
CHEBI:17937,,
CHEBI:17620,,
CHEBI:16586,,
CHEBI:16159,,
CHEBI:16279,,
CHEBI:18148,,
CHEBI:17931,,
CHEBI:18334,,
CHEBI:16753,,
CHEBI:18023,,
CHEBI:15998,,
CHEBI:15750,,
CHEBI:16357,,
CHEBI:17488,,
CHEBI:18016,,
CHEBI:16980,,
CHEBI:17697,,
CHEBI:16597,,
CHEBI:16957,5  6  6  (1:3): 1 (1:4): 1 (3:4): 1 , ,
CHEBI:15415,,
CHEBI:16962,,
CHEBI:16899,,
CHEBI:16054,,
CHEBI:15542,,
CHEBI:16461,,
CHEBI:17519,,
CHEBI:17537,,
CHEBI:15393,,
CHEBI:18199,,
CHEBI:16954,,
CHEBI:3749,,
CHEBI:18314,,
CHEBI:16872,,
CHEBI:17678,,
CHEBI:15784,,
CHEBI:17325,,
CHEBI:17185,,
CHEBI:17752,,
CHEBI:18362,5  6  6  (1:3): 1 (1:4): 1 (3:4): 1 , ,
CHEBI:17434,,
CHEBI:17612,,
CHEBI:9242,,
CHEBI:6116,,
CHEBI:16632,,
CHEBI:15855,,
CHEBI:7983,,
CHEBI:17645,,
CHEBI:15658,,
CHEBI:22066,,
CHEBI:18077,,
CHEBI:17455,,
CHEBI:16181,,
CHEBI:17616,,
CHEBI:15899,,
CHEBI:18414,,
CHEBI:16270,,
CHEBI:15347,,
CHEBI:15971,,
CHEBI:18299,,
CHEBI:17558,,
CHEBI:16256,,
CHEBI:16714,5  6  6  (0:1): 1 (0:3): 1 (1:3): 1 , 5  6  6  (0:2): 1 (0:3): 1 (2:3): 1 , 6  6  6  (2:3): 1 (2:4): 1 (3:4): 2 , ,
CHEBI:15963,,
CHEBI:17996,,
CHEBI:17680,,
CHEBI:17589,,
CHEBI:9578,,
CHEBI:15948,,
CHEBI:16825,,
CHEBI:16087,,
CHEBI:18130,,
CHEBI:18315,,
CHEBI:16325,,
CHEBI:17598,,
CHEBI:17120,,
CHEBI:16323,,
CHEBI:16643,,
CHEBI:3558,,
CHEBI:17706,,
CHEBI:15903,,
CHEBI:2790,,
CHEBI:17474,,
CHEBI:15380,,
CHEBI:16458,,
CHEBI:17814,,
CHEBI:15375,,
CHEBI:16939,,
CHEBI:15334,,
CHEBI:16556,,
CHEBI:9727,,
CHEBI:2877,,
CHEBI:17372,5  6  6  (1:3): 2 (1:5): 1 (3:5): 1 , 5  6  6  (1:3): 2 (1:6): 1 (3:6): 2 , 5  6  6  (1:5): 1 (1:6): 1 (5:6): 3 , 6  6  6  (3:4): 1 (3:5): 1 (4:5): 3 , 6  6  6  (3:4): 1 (3:6): 2 (4:6): 3 , 6  6  6  (3:5): 1 (3:6): 2 (5:6): 3 , 6  6  6  (4:5): 3 (4:6): 3 (5:6): 3 , ,
CHEBI:16663,,
CHEBI:16023,,
CHEBI:17061,,
CHEBI:15336,,
CHEBI:18361,,
CHEBI:16793,,
CHEBI:16153,,
CHEBI:17738,,
CHEBI:15579,,
CHEBI:16559,,
CHEBI:17898,,
CHEBI:18387,,
CHEBI:16352,,
CHEBI:17675,,
CHEBI:15737,,
CHEBI:16609,,
CHEBI:15945,,
CHEBI:4728,,
CHEBI:16878,,
CHEBI:16592,,
CHEBI:15497,,
CHEBI:15827,,
CHEBI:18301,,
CHEBI:15678,,
CHEBI:7553,,
CHEBI:16321,,
CHEBI:17322,,
CHEBI:17508,,
CHEBI:17762,,
CHEBI:17835,,
CHEBI:17656,,
CHEBI:18015,,
CHEBI:16424,,
CHEBI:15744,,
CHEBI:16834,,
CHEBI:15865,,
CHEBI:16621,,
CHEBI:943,,
CHEBI:26137,4  6  6  (0:1): 2 (0:2): 2 (1:2): 4 , ,
CHEBI:15932,,
CHEBI:16043,,
CHEBI:17156,,
CHEBI:15873,,
CHEBI:27374,,
CHEBI:19775,,
CHEBI:16346,,
CHEBI:5776,,
CHEBI:16629,,
CHEBI:2719,,
CHEBI:3252,6  16  16  (3:5): 3 (3:6): 3 (5:6): 13 , 9  16  16  (4:5): 4 (4:6): 4 (5:6): 13 , ,
CHEBI:15844,,
CHEBI:17781,,
CHEBI:17042,,
CHEBI:17754,,
CHEBI:17405,,
CHEBI:27455,,
CHEBI:15842,,
CHEBI:17883,,
CHEBI:15950,,
CHEBI:15565,,
CHEBI:18345,,
CHEBI:10038,,
CHEBI:17535,,
CHEBI:18297,,
CHEBI:17734,5  6  6  (0:3): 1 (0:4): 1 (3:4): 1 , ,
CHEBI:4717,,
CHEBI:17993,,
CHEBI:15600,,
CHEBI:16588,,
CHEBI:16717,,
CHEBI:17766,,
CHEBI:18058,,
CHEBI:15448,,
CHEBI:15441,,
CHEBI:15618,,
CHEBI:15486,,
CHEBI:16431,,
CHEBI:15688,,
CHEBI:17914,,
CHEBI:16897,,
CHEBI:16073,,
CHEBI:17963,,
CHEBI:5353,,
CHEBI:18218,,
CHEBI:16946,,
CHEBI:17101,,
CHEBI:16109,,
CHEBI:15949,,
CHEBI:16786,,
CHEBI:17097,,
CHEBI:16850,,
CHEBI:4392,,
CHEBI:17611,,
CHEBI:17239,,
CHEBI:17902,,
CHEBI:17356,,
CHEBI:16398,,
CHEBI:15830,,
CHEBI:6359,,
CHEBI:17710,,
CHEBI:17531,,
CHEBI:16131,,
CHEBI:18098,,
CHEBI:11515,,
CHEBI:17628,,
CHEBI:18057,6  6  6  (1:2): 3 (1:3): 3 (2:3): 3 , 6  6  6  (1:2): 3 (1:4): 1 (2:4): 1 , 6  6  6  (1:3): 3 (1:4): 1 (3:4): 2 , 6  6  6  (2:3): 3 (2:4): 1 (3:4): 2 , ,
CHEBI:18187,,
CHEBI:18172,,
CHEBI:17397,,
CHEBI:17625,,
CHEBI:15675,,
CHEBI:17147,,
CHEBI:16887,,
CHEBI:17876,5  6  24  (0:2): 1 (0:3): 2 (2:3): 2 , 5  6  24  (0:2): 1 (0:4): 2 (2:4): 1 , 5  24  24  (0:3): 2 (0:4): 2 (3:4): 21 , 6  6  24  (1:2): 1 (1:3): 3 (2:3): 2 , 6  6  24  (1:2): 1 (1:4): 3 (2:4): 1 , 6  24  24  (1:3): 3 (1:4): 3 (3:4): 21 , 6  24  24  (2:3): 2 (2:4): 1 (3:4): 21 , ,
CHEBI:17522,,
CHEBI:17302,,
CHEBI:27400,,
CHEBI:16009,,
CHEBI:18406,,
CHEBI:16769,,
CHEBI:27407,,
CHEBI:15733,,
CHEBI:17144,,
CHEBI:15939,,
CHEBI:15952,,
CHEBI:16096,,
CHEBI:16655,,
CHEBI:16322,,
CHEBI:15888,,
CHEBI:16970,,
CHEBI:5638,,
CHEBI:17109,,
CHEBI:18372,,
CHEBI:16319,,
CHEBI:17495,,
CHEBI:17543,,
CHEBI:17007,,
CHEBI:18011,,
CHEBI:16806,,
CHEBI:3478,,
CHEBI:17092,,
CHEBI:15610,,
CHEBI:17416,,
CHEBI:21759,,
CHEBI:16365,,
CHEBI:17090,,
CHEBI:15684,,
CHEBI:6758,,
CHEBI:17385,,
CHEBI:17200,,
CHEBI:15365,,
CHEBI:17298,,
CHEBI:16477,,
CHEBI:17232,,
CHEBI:27421,,
CHEBI:9678,,
CHEBI:17730,,
CHEBI:27417,,
CHEBI:16031,,
CHEBI:17210,,
CHEBI:18184,,
CHEBI:18268,,
CHEBI:3419,,
CHEBI:15592,,
CHEBI:27415,,
CHEBI:15631,,
CHEBI:18135,,
CHEBI:17313,,
CHEBI:16986,,
CHEBI:17490,,
CHEBI:18308,,
CHEBI:16016,,
CHEBI:16580,,
CHEBI:17903,,
CHEBI:17534,,
CHEBI:5864,,
CHEBI:16463,,
CHEBI:17401,,
CHEBI:16659,,
CHEBI:15883,,
CHEBI:24702,,
CHEBI:16573,,
CHEBI:15503,,
CHEBI:15606,,
CHEBI:3087,,
CHEBI:18397,,
CHEBI:17957,,
CHEBI:17676,,
CHEBI:16562,,
CHEBI:16094,,
CHEBI:24293,,
CHEBI:18292,,
CHEBI:16993,,
CHEBI:4910,,
CHEBI:15515,,
CHEBI:16160,,
CHEBI:16918,,
CHEBI:2639,,
CHEBI:16055,,
CHEBI:17549,,
CHEBI:16481,,
CHEBI:15398,,
CHEBI:15887,,
CHEBI:17321,,
CHEBI:18037,,
CHEBI:16037,,
CHEBI:17352,,
CHEBI:18142,,
CHEBI:16571,,
CHEBI:16553,,
CHEBI:15352,,
CHEBI:17671,,
CHEBI:17928,,
CHEBI:15587,,
CHEBI:17800,,
CHEBI:18176,,
CHEBI:17161,,
CHEBI:6570,,
CHEBI:15373,,
CHEBI:17482,,
CHEBI:15348,,
CHEBI:18399,5  6  6  (0:1): 1 (0:3): 1 (1:3): 1 , 5  6  6  (0:2): 1 (0:3): 1 (2:3): 1 , 6  6  6  (2:3): 1 (2:4): 1 (3:4): 2 , ,
CHEBI:17845,,
CHEBI:18039,,
CHEBI:16631,,
CHEBI:16283,,
CHEBI:17507,,
CHEBI:17391,,
CHEBI:15868,,
CHEBI:17098,,
CHEBI:17415,,
CHEBI:17607,,
CHEBI:16598,,
CHEBI:21818,,
CHEBI:17282,,
CHEBI:15498,,
CHEBI:17842,,
CHEBI:16151,,
CHEBI:15867,,
CHEBI:16415,,
CHEBI:15354,,
CHEBI:16170,,
CHEBI:16818,,
CHEBI:16285,,
CHEBI:17076,,
CHEBI:10041,,
CHEBI:18139,,
CHEBI:17248,,
CHEBI:16784,,
CHEBI:17287,,
CHEBI:16234,,
CHEBI:17258,,
CHEBI:17521,,
CHEBI:17580,,
CHEBI:18262,,
CHEBI:15404,,
CHEBI:3930,,
CHEBI:16608,,
CHEBI:16252,,
CHEBI:17357,,
CHEBI:16347,,
CHEBI:15509,,
CHEBI:15377,,
CHEBI:16176,,
CHEBI:16378,,
CHEBI:16524,,
CHEBI:15774,,
CHEBI:27401,,
CHEBI:17424,,
CHEBI:27381,,
CHEBI:16777,,
CHEBI:18246,,
CHEBI:15792,,
CHEBI:17672,,
CHEBI:18183,,
CHEBI:16737,,
CHEBI:16126,,
CHEBI:17081,,
CHEBI:17941,,
CHEBI:18091,,
CHEBI:7476,,
CHEBI:17652,,
CHEBI:27387,,
CHEBI:17252,,
CHEBI:16654,,
CHEBI:15765,,
CHEBI:18069,,
CHEBI:15413,,
CHEBI:16989,,
CHEBI:17915,,
CHEBI:16315,5  6  6  (0:1): 1 (0:4): 1 (1:4): 1 , 5  6  6  (0:2): 1 (0:4): 1 (2:4): 1 , 6  6  6  (2:3): 1 (2:4): 1 (3:4): 2 , ,
CHEBI:16116,,
CHEBI:16513,,
CHEBI:8404,,
CHEBI:17824,,
CHEBI:17050,,
CHEBI:17066,,
CHEBI:27427,,
CHEBI:4735,,
CHEBI:15755,,
CHEBI:17702,,
CHEBI:17551,,
CHEBI:9915,,
CHEBI:16577,,
CHEBI:16554,,
CHEBI:16039,,
CHEBI:17640,,
CHEBI:3238,,
CHEBI:15514,,
CHEBI:17293,,
CHEBI:17371,,
CHEBI:9200,,
CHEBI:5280,,
CHEBI:16666,,
CHEBI:3655,,
CHEBI:16914,,
CHEBI:16907,,
CHEBI:17729,,
CHEBI:17947,,
CHEBI:16022,,
CHEBI:15496,,
CHEBI:16082,,
CHEBI:18272,,
CHEBI:17327,,
CHEBI:17725,,
CHEBI:16905,,
CHEBI:16558,,
CHEBI:15529,,
CHEBI:7622,,
CHEBI:20367,,
CHEBI:17759,,
CHEBI:15520,,
CHEBI:17740,,
CHEBI:17681,,
CHEBI:16070,,
CHEBI:15335,,
CHEBI:18048,,
CHEBI:16824,,
CHEBI:16426,,
CHEBI:15712,,
CHEBI:17380,,
CHEBI:15439,,
CHEBI:17975,,
CHEBI:10127,,
CHEBI:15476,,
CHEBI:15823,,
CHEBI:17913,,
CHEBI:15900,,
CHEBI:15654,,
CHEBI:15530,,
CHEBI:17225,6  6  6  (1:2): 2 (1:3): 1 (2:3): 1 , ,
CHEBI:8802,,
CHEBI:17477,,
CHEBI:16832,,
CHEBI:10429,,
CHEBI:17568,,
CHEBI:16204,,
CHEBI:16205,,
CHEBI:16789,,
CHEBI:16344,,
CHEBI:16355,,
CHEBI:17630,,
CHEBI:15584,,
CHEBI:17013,,
CHEBI:16809,,
CHEBI:17331,,
CHEBI:17618,,
CHEBI:16081,,
CHEBI:16298,,
CHEBI:18255,,
CHEBI:27394,,
CHEBI:18336,,
CHEBI:9332,,
CHEBI:15740,,
CHEBI:27450,,
CHEBI:15738,5  6  7  (0:6): 1 (0:7): 1 (6:7): 1 , 5  6  7  (1:6): 1 (1:7): 1 (6:7): 1 , ,
CHEBI:16225,,
CHEBI:16200,,
CHEBI:17959,,
CHEBI:8029,,
CHEBI:15851,,
CHEBI:16854,,
CHEBI:18367,,
CHEBI:17034,,
CHEBI:17011,,
CHEBI:2469,,
CHEBI:16309,,
CHEBI:3640,,
CHEBI:18217,,
CHEBI:16058,,
CHEBI:18393,,
CHEBI:15940,,
CHEBI:15501,,
CHEBI:16226,,
CHEBI:17677,,
CHEBI:17803,,
CHEBI:15474,,
CHEBI:18165,,
CHEBI:15881,,
CHEBI:18088,,
CHEBI:16810,,
CHEBI:17588,,
CHEBI:15980,,
CHEBI:15861,,
CHEBI:17546,,
CHEBI:17173,,
CHEBI:15992,,
CHEBI:16545,,
CHEBI:17987,,
CHEBI:27435,,
CHEBI:15964,,
CHEBI:17486,,
CHEBI:16619,,
CHEBI:19500,,
CHEBI:17056,,
CHEBI:16199,,
CHEBI:15718,,
CHEBI:15961,,
CHEBI:16169,,
CHEBI:16683,,
CHEBI:18010,,
CHEBI:16596,,
CHEBI:17765,,
CHEBI:16042,,
CHEBI:16349,,
CHEBI:18107,,
CHEBI:16214,,
CHEBI:16425,6  6  6  (1:2): 3 (1:3): 3 (2:3): 3 , 6  6  6  (1:2): 3 (1:4): 1 (2:4): 1 , 6  6  6  (1:3): 3 (1:4): 1 (3:4): 2 , 6  6  6  (2:3): 3 (2:4): 1 (3:4): 2 , ,
CHEBI:10353,,
CHEBI:15444,,
CHEBI:16792,,
CHEBI:16738,,
CHEBI:18349,,
CHEBI:18146,,
CHEBI:6631,,
CHEBI:17073,,
CHEBI:18053,,
CHEBI:15885,,
CHEBI:17229,,
CHEBI:17566,,
CHEBI:8653,,
CHEBI:15672,,
CHEBI:16077,,
CHEBI:16616,,
CHEBI:21363,,
CHEBI:15877,,
CHEBI:16076,,
CHEBI:17260,,
CHEBI:16183,,
CHEBI:2914,,
CHEBI:15575,,
CHEBI:4075,,
CHEBI:17052,,
CHEBI:18151,,
CHEBI:16402,,
CHEBI:3243,6  6  6  (1:2): 1 (1:3): 1 (2:3): 2 , ,
CHEBI:17064,,
CHEBI:18147,,
CHEBI:16751,,
CHEBI:17051,,
CHEBI:15390,,
CHEBI:15608,,
CHEBI:16388,,
CHEBI:15630,,
CHEBI:16893,,
CHEBI:15666,,
CHEBI:16166,,
CHEBI:16188,,
CHEBI:16422,,
CHEBI:16049,,
CHEBI:8489,,
CHEBI:17747,,
CHEBI:17771,,
CHEBI:18281,,
CHEBI:15376,,
CHEBI:15534,,
CHEBI:16910,,
CHEBI:16534,,
CHEBI:15612,,
CHEBI:17613,,
CHEBI:16440,,
CHEBI:16436,,
CHEBI:15468,,
CHEBI:18403,,
CHEBI:16275,,
CHEBI:16944,,
CHEBI:16266,,
CHEBI:15589,,
CHEBI:15979,,
CHEBI:16084,,
CHEBI:3732,,
CHEBI:17659,,
CHEBI:17857,,
CHEBI:16517,,
CHEBI:9599,,
CHEBI:16761,,
CHEBI:17934,,
CHEBI:18277,,
CHEBI:16817,,
CHEBI:15975,,
CHEBI:17167,,
CHEBI:15625,,
CHEBI:15632,,
CHEBI:17303,5  6  6  (0:1): 1 (0:4): 1 (1:4): 1 , 5  6  6  (0:2): 1 (0:4): 1 (2:4): 1 , 6  6  6  (2:3): 1 (2:4): 1 (3:4): 2 , ,
CHEBI:17236,,
CHEBI:15763,,
CHEBI:16490,,
CHEBI:15593,,
CHEBI:15730,,
CHEBI:15690,,
CHEBI:17432,,
CHEBI:15686,,
CHEBI:18258,,
CHEBI:15350,,
CHEBI:16606,,
CHEBI:17787,,
CHEBI:17789,,
CHEBI:15831,,
CHEBI:17335,,
CHEBI:17429,,
CHEBI:16690,,
CHEBI:17977,,
CHEBI:16713,,
CHEBI:16804,,
CHEBI:16368,,
CHEBI:3213,,
CHEBI:17175,,
CHEBI:17270,,
CHEBI:15362,,
CHEBI:16446,,
CHEBI:16125,,
CHEBI:16576,,
CHEBI:17425,,
CHEBI:5186,,
CHEBI:15758,,
CHEBI:15540,,
CHEBI:16459,,
CHEBI:17515,,
CHEBI:16468,,
CHEBI:17727,,
CHEBI:16783,,
CHEBI:17968,,
CHEBI:16572,,
CHEBI:16684,,
CHEBI:17696,,
CHEBI:15716,,
CHEBI:21374,,
CHEBI:27449,,
CHEBI:17541,,
CHEBI:15494,,
CHEBI:16046,,
CHEBI:15420,,
CHEBI:16147,5  6  6  (1:3): 1 (1:4): 1 (3:4): 1 , ,
CHEBI:17961,,
CHEBI:17053,,
CHEBI:17704,,
CHEBI:10216,,
CHEBI:18321,,
CHEBI:15609,,
CHEBI:16300,,
CHEBI:17562,,
CHEBI:4315,,
CHEBI:15695,,
CHEBI:17939,,
CHEBI:17289,,
CHEBI:17700,,
CHEBI:4031,,
CHEBI:15753,,
CHEBI:17844,,
CHEBI:17377,,
CHEBI:17290,,
CHEBI:16829,6  6  6  (2:3): 1 (2:4): 1 (3:4): 3 , 6  6  6  (2:3): 1 (2:5): 2 (3:5): 3 , 6  6  6  (2:4): 1 (2:5): 2 (4:5): 3 , 6  6  6  (3:4): 3 (3:5): 3 (4:5): 3 , ,
CHEBI:15727,,
CHEBI:16068,,
CHEBI:9334,,
CHEBI:27465,,
CHEBI:15512,,
CHEBI:15802,,
CHEBI:20414,,
CHEBI:15833,,
CHEBI:16723,,
CHEBI:15344,,
CHEBI:17861,,
CHEBI:15567,,
CHEBI:18203,,
CHEBI:15638,,
CHEBI:16808,,
CHEBI:16400,,
CHEBI:17648,,
CHEBI:15768,,
CHEBI:17454,,
CHEBI:15685,,
CHEBI:27418,,
CHEBI:17305,,
CHEBI:15761,,
CHEBI:18128,,
CHEBI:17920,,
CHEBI:17494,,
CHEBI:16653,,
CHEBI:15662,,
CHEBI:16433,,
CHEBI:17685,6  6  6  (0:1): 3 (0:2): 3 (1:2): 3 , ,
CHEBI:17472,,
CHEBI:17058,,
CHEBI:16512,,
CHEBI:17314,,
CHEBI:3567,,
CHEBI:15446,,
CHEBI:17440,,
CHEBI:17852,,
CHEBI:15729,,
CHEBI:16239,,
CHEBI:17311,,
CHEBI:15775,,
CHEBI:16389,,
CHEBI:17074,,
CHEBI:18347,,
CHEBI:16184,6  6  6  (1:2): 2 (1:3): 1 (2:3): 1 , ,
CHEBI:16840,,
CHEBI:4786,,
CHEBI:16354,,
CHEBI:17111,,
CHEBI:17733,,
CHEBI:17164,,
CHEBI:15620,,
CHEBI:18332,,
CHEBI:18391,,
CHEBI:16445,,
CHEBI:15682,,
CHEBI:16316,,
CHEBI:18073,6  6  6  (0:1): 1 (0:2): 1 (1:2): 1 , 6  6  6  (1:2): 1 (1:5): 1 (2:5): 1 , 6  6  6  (1:5): 1 (1:6): 1 (5:6): 1 , 6  6  6  (2:3): 1 (2:5): 1 (3:5): 1 , 6  6  6  (3:4): 1 (3:5): 1 (4:5): 1 , 6  6  6  (4:5): 1 (4:7): 1 (5:7): 1 , 6  6  6  (4:7): 1 (4:8): 1 (7:8): 1 , 6  6  6  (5:6): 1 (5:7): 1 (6:7): 1 , ,
CHEBI:16567,,
CHEBI:15757,,
CHEBI:15442,,
CHEBI:18356,,
CHEBI:16452,,
CHEBI:16029,,
CHEBI:16521,,
CHEBI:17038,,
CHEBI:16694,,
CHEBI:16469,,
CHEBI:17606,,
CHEBI:16311,,
CHEBI:18377,,
CHEBI:15809,,
CHEBI:17858,,
CHEBI:17224,,
CHEBI:18392,,
CHEBI:17448,,
CHEBI:16218,,
CHEBI:27384,,
CHEBI:8691,5  6  6  (0:3): 1 (0:4): 2 (3:4): 1 , 6  6  6  (2:3): 1 (2:4): 1 (3:4): 1 , ,
CHEBI:16119,,
CHEBI:16858,,
CHEBI:16206,,
CHEBI:16938,,
CHEBI:15858,,
CHEBI:3743,6  6  6  (0:1): 3 (0:2): 3 (1:2): 3 , ,
CHEBI:17978,,
CHEBI:16065,,
CHEBI:4551,,
CHEBI:16269,,
CHEBI:25459,4  6  6  (0:1): 2 (0:2): 2 (1:2): 4 , ,
CHEBI:15490,,
CHEBI:15422,,
CHEBI:15524,,
CHEBI:17148,,
CHEBI:16486,,
CHEBI:18105,,
CHEBI:18198,,
CHEBI:7934,,
CHEBI:15970,,
CHEBI:27376,,
CHEBI:17500,,
CHEBI:17240,,
CHEBI:18177,,
CHEBI:16974,,
CHEBI:15508,,
CHEBI:17361,,
CHEBI:18225,,
CHEBI:16758,,
CHEBI:16891,,
CHEBI:17204,,
CHEBI:17150,,
CHEBI:15384,,
CHEBI:15795,,
CHEBI:17802,,
CHEBI:6759,,
CHEBI:17795,,
CHEBI:16875,,
CHEBI:15721,,
CHEBI:15400,,
CHEBI:16449,,
CHEBI:15715,,
CHEBI:17719,,
CHEBI:17994,,
CHEBI:16953,,
CHEBI:17329,,
CHEBI:17367,,
CHEBI:17724,,
CHEBI:18211,,
CHEBI:2955,,
CHEBI:16947,,
CHEBI:16475,,
CHEBI:18266,,
CHEBI:17924,,
CHEBI:17745,,
CHEBI:17695,,
CHEBI:16356,,
CHEBI:17168,,
CHEBI:3697,,
CHEBI:15700,,
CHEBI:18117,,
CHEBI:3048,,
CHEBI:17954,,
CHEBI:18378,,
CHEBI:16734,,
CHEBI:15871,,
CHEBI:15500,,
CHEBI:17278,,
CHEBI:17306,,
CHEBI:26533,,
CHEBI:17760,,
CHEBI:17899,,
CHEBI:16823,,
CHEBI:15430,,
CHEBI:27393,,
CHEBI:16397,,
CHEBI:16706,,
CHEBI:17399,,
CHEBI:18052,,
CHEBI:16083,,
CHEBI:17512,,
CHEBI:16697,,
CHEBI:15709,,
CHEBI:3084,,
CHEBI:18265,,
CHEBI:15743,,
CHEBI:18253,,
CHEBI:17100,,
CHEBI:15859,,
CHEBI:10050,,
CHEBI:2453,,
CHEBI:17917,,
CHEBI:17768,,
CHEBI:16296,,
CHEBI:15650,,
CHEBI:18162,,
CHEBI:18422,,
CHEBI:15624,,
CHEBI:17890,,
CHEBI:17216,,
CHEBI:15531,,
CHEBI:17705,,
CHEBI:15667,,
CHEBI:15836,,
CHEBI:17807,,
CHEBI:16271,6  6  6  (0:1): 3 (0:2): 3 (1:2): 3 , ,
CHEBI:27422,,
CHEBI:16164,,
CHEBI:15493,,
CHEBI:18226,,
CHEBI:15919,,
CHEBI:15471,,
CHEBI:15710,,
CHEBI:17772,,
CHEBI:15480,,
CHEBI:17528,,
CHEBI:16348,,
CHEBI:15676,,
CHEBI:9611,,
CHEBI:16977,,
CHEBI:17601,,
CHEBI:16187,,
CHEBI:16726,,
CHEBI:15972,,
CHEBI:17259,,
CHEBI:17948,,
CHEBI:17015,,
CHEBI:9605,,
CHEBI:16945,,
CHEBI:17083,,
CHEBI:27442,,
CHEBI:18207,,
CHEBI:17396,,
CHEBI:18430,5  6  6  (1:3): 1 (1:4): 1 (3:4): 1 , ,
CHEBI:16441,,
CHEBI:15874,,
CHEBI:17721,,
CHEBI:18136,,
CHEBI:15777,,
CHEBI:16114,,
CHEBI:6538,,
CHEBI:16428,,
CHEBI:15629,,
CHEBI:15541,,
CHEBI:16782,,
CHEBI:17390,,
CHEBI:27433,,
CHEBI:18049,,
CHEBI:18116,,
CHEBI:17820,,
CHEBI:18229,,
CHEBI:20384,,
CHEBI:16950,,
CHEBI:2762,,
CHEBI:16852,,
CHEBI:16259,,
CHEBI:16856,,
CHEBI:18110,,
CHEBI:17790,,
CHEBI:18167,,
CHEBI:27459,,
CHEBI:17468,,
CHEBI:16724,,
CHEBI:17943,,
CHEBI:18145,,
CHEBI:15563,,
CHEBI:15418,,
CHEBI:8452,,
CHEBI:16035,,
CHEBI:18267,,
CHEBI:4474,,
CHEBI:16585,,
CHEBI:17622,,
CHEBI:16594,,
CHEBI:18296,,
CHEBI:16003,,
CHEBI:17166,,
CHEBI:17402,,
CHEBI:15657,,
CHEBI:5850,,
CHEBI:15478,,
CHEBI:9421,,
CHEBI:17881,,
CHEBI:15597,,
CHEBI:15647,,
CHEBI:16483,,
CHEBI:17151,,
CHEBI:15518,,
CHEBI:15371,,
CHEBI:17212,,
CHEBI:16935,,
CHEBI:15864,,
CHEBI:17222,,
CHEBI:18373,6  6  6  (1:2): 2 (1:3): 1 (2:3): 1 , ,
CHEBI:16796,,
CHEBI:15349,,
CHEBI:15611,,
CHEBI:16650,,
CHEBI:16795,,
CHEBI:18328,,
CHEBI:18020,,
CHEBI:17479,,
CHEBI:17877,,
CHEBI:17347,,
CHEBI:17575,,
CHEBI:4779,,
CHEBI:18337,,
CHEBI:18195,,
CHEBI:16161,,
CHEBI:16805,,
CHEBI:17304,,
CHEBI:16719,,
CHEBI:17345,,
CHEBI:17742,,
CHEBI:18416,,
CHEBI:15407,,
CHEBI:18338,,
CHEBI:17889,,
CHEBI:16013,,
CHEBI:17233,,
CHEBI:16026,,
CHEBI:16602,,
CHEBI:16211,,
CHEBI:15683,,
CHEBI:18173,,
CHEBI:17770,,
CHEBI:15616,,
CHEBI:15759,,
CHEBI:27436,,
CHEBI:17016,,
CHEBI:17965,,
CHEBI:15951,,
CHEBI:18186,,
CHEBI:15560,,
CHEBI:15815,,
CHEBI:16814,,
CHEBI:15397,,
CHEBI:15956,,
CHEBI:17384,5  6  6  (1:3): 1 (1:4): 2 (3:4): 2 , 5  6  6  (1:3): 1 (1:6): 1 (3:6): 3 , 5  6  6  (1:4): 2 (1:6): 1 (4:6): 1 , 6  6  6  (3:4): 2 (3:5): 3 (4:5): 1 , 6  6  6  (3:4): 2 (3:6): 3 (4:6): 1 , 6  6  6  (3:5): 3 (3:6): 3 (5:6): 3 , 6  6  6  (4:5): 1 (4:6): 1 (5:6): 3 , ,
CHEBI:15436,,
CHEBI:17872,,
CHEBI:16822,,
CHEBI:27402,,
CHEBI:3242,6  6  6  (1:2): 1 (1:3): 1 (2:3): 2 , ,
CHEBI:17411,,
CHEBI:17378,,
CHEBI:9516,,
CHEBI:15834,,
CHEBI:17268,,
CHEBI:17626,,
CHEBI:16273,,
CHEBI:16196,,
CHEBI:16754,,
CHEBI:18325,,
CHEBI:16630,,
CHEBI:17692,,
CHEBI:3385,,
CHEBI:15522,,
CHEBI:18381,,
CHEBI:15356,,
CHEBI:17825,,
CHEBI:17878,,
CHEBI:6263,,
CHEBI:5981,,
CHEBI:16526,,
CHEBI:15635,,
CHEBI:15649,,
CHEBI:16533,,
CHEBI:17242,,
CHEBI:15772,,
CHEBI:7947,,
CHEBI:16220,,
CHEBI:15429,,
CHEBI:7061,,
CHEBI:17355,,
CHEBI:27457,,
CHEBI:15694,,
CHEBI:17836,,
CHEBI:15605,,
CHEBI:15482,,
CHEBI:17435,,
CHEBI:18371,,
CHEBI:27408,,
CHEBI:15572,,
CHEBI:18409,,
CHEBI:18280,,
CHEBI:17202,,
CHEBI:17211,,
CHEBI:17271,,
CHEBI:18330,,
CHEBI:17774,,
CHEBI:17299,,
CHEBI:17637,,
CHEBI:17882,,
CHEBI:18125,,
CHEBI:17746,,
CHEBI:16377,,
CHEBI:16570,,
CHEBI:15660,,
CHEBI:17215,,
CHEBI:17126,,
CHEBI:17032,,
CHEBI:15732,,
CHEBI:15562,,
CHEBI:18149,,
CHEBI:17527,,
CHEBI:7896,,
CHEBI:17263,,
CHEBI:17249,,
CHEBI:15822,,
CHEBI:16338,,
CHEBI:16332,,
CHEBI:17981,,
CHEBI:15378,,
CHEBI:17286,,
CHEBI:16811,,
CHEBI:4877,,
CHEBI:17816,,
CHEBI:16330,,
CHEBI:17115,,
CHEBI:16177,,
CHEBI:16108,,
CHEBI:18137,,
CHEBI:16369,,
CHEBI:15464,,
CHEBI:7989,,
CHEBI:16146,,
CHEBI:27403,,
CHEBI:16971,,
CHEBI:15826,,
CHEBI:8232,,
CHEBI:17973,,
CHEBI:15364,,
CHEBI:17578,,
CHEBI:15392,,
CHEBI:16454,,
CHEBI:16973,,
CHEBI:16174,,
CHEBI:18054,,
CHEBI:17935,,
CHEBI:4995,,
CHEBI:18090,,
CHEBI:16069,,
CHEBI:16050,,
CHEBI:18029,,
CHEBI:18312,,
CHEBI:18412,,
CHEBI:17368,,
CHEBI:15960,,
CHEBI:15405,,
CHEBI:16089,,
CHEBI:16010,,
CHEBI:4702,,
CHEBI:17817,,
CHEBI:16301,,
CHEBI:15367,,
CHEBI:15519,,
CHEBI:17529,,
CHEBI:17624,,
CHEBI:18210,,
CHEBI:17300,,
CHEBI:15623,,
CHEBI:16705,,
CHEBI:5706,,
CHEBI:15884,,
CHEBI:16613,,
CHEBI:17170,,
CHEBI:16838,,
CHEBI:15789,,
CHEBI:16241,,
CHEBI:18302,,
CHEBI:17466,,
CHEBI:16735,,
CHEBI:10790,,
CHEBI:17308,,
CHEBI:15699,,
CHEBI:17840,,
CHEBI:16563,,
CHEBI:15543,,
CHEBI:17209,,
CHEBI:17539,,
CHEBI:17929,,
CHEBI:15880,,
CHEBI:16002,,
CHEBI:15799,,
CHEBI:5885,,
CHEBI:16898,,
CHEBI:17418,,
CHEBI:17261,,
CHEBI:18209,,
CHEBI:16550,,
CHEBI:17808,,
CHEBI:15357,,
CHEBI:16860,,
CHEBI:27441,,
CHEBI:17586,,
CHEBI:16224,,
CHEBI:16729,,
CHEBI:16752,,
CHEBI:18269,,
CHEBI:17804,,
CHEBI:18404,,
CHEBI:15811,,
CHEBI:3856,,
CHEBI:15642,,
CHEBI:16419,,
CHEBI:17362,,
CHEBI:18374,,
CHEBI:17351,,
CHEBI:16255,,
CHEBI:17174,,
CHEBI:17445,,
CHEBI:17563,,
CHEBI:17505,,
CHEBI:16015,,
CHEBI:16760,,
CHEBI:16216,,
CHEBI:17077,,
CHEBI:17422,,
CHEBI:17530,,
CHEBI:3183,,
CHEBI:18419,,
CHEBI:17831,,
CHEBI:17277,,
CHEBI:16192,,
CHEBI:15913,,
CHEBI:16605,,
CHEBI:15927,,
CHEBI:17906,,
CHEBI:3013,,
CHEBI:15343,,
CHEBI:7508,,
CHEBI:17775,,
CHEBI:16329,,
CHEBI:17888,,
CHEBI:4629,,
CHEBI:18050,,
CHEBI:15408,,
CHEBI:16667,,
CHEBI:4907,,
CHEBI:15891,,
CHEBI:18038,,
CHEBI:9407,,
CHEBI:2376,,
CHEBI:16584,,
CHEBI:17105,,
CHEBI:15787,,
CHEBI:15491,,
CHEBI:16457,,
CHEBI:16807,,
CHEBI:17660,,
CHEBI:16493,,
CHEBI:18004,,
CHEBI:16150,,
CHEBI:15617,,
CHEBI:17516,,
CHEBI:3738,,
CHEBI:15908,,
CHEBI:17997,,
CHEBI:17265,,
CHEBI:15511,,
CHEBI:16982,,
CHEBI:16869,,
CHEBI:17295,,
CHEBI:27445,,
CHEBI:27395,,
CHEBI:17349,,
CHEBI:18291,,
CHEBI:16282,,
CHEBI:16708,,
CHEBI:17691,,
CHEBI:15507,,
CHEBI:17183,,
CHEBI:27412,,
CHEBI:16742,,
CHEBI:17269,,
CHEBI:15460,,
CHEBI:27390,,
CHEBI:16372,,
CHEBI:6716,,
CHEBI:16007,,
CHEBI:17184,4  5  5  (0:2): 1 (0:3): 1 (2:3): 1 , 4  5  5  (0:2): 1 (0:4): 1 (2:4): 2 , 4  5  5  (0:3): 1 (0:5): 1 (3:5): 2 , 4  5  5  (0:4): 1 (0:5): 1 (4:5): 1 , 4  5  5  (1:2): 1 (1:3): 1 (2:3): 1 , 4  5  5  (1:2): 1 (1:4): 1 (2:4): 2 , 4  5  5  (1:3): 1 (1:5): 1 (3:5): 2 , 4  5  5  (1:4): 1 (1:5): 1 (4:5): 1 , ,
CHEBI:15735,,
CHEBI:27386,,
CHEBI:16066,,
CHEBI:15596,,
CHEBI:17925,,
CHEBI:15788,,
CHEBI:17137,,
CHEBI:18360,,
CHEBI:16353,,
CHEBI:15435,,
CHEBI:17450,,
CHEBI:18317,,
CHEBI:16467,,
CHEBI:16370,,
CHEBI:15383,,
CHEBI:16837,,
CHEBI:15944,,
CHEBI:17191,,
CHEBI:18215,,
CHEBI:15644,,
CHEBI:17142,,
CHEBI:16776,5  6  6  (1:3): 1 (1:4): 1 (3:4): 1 , ,
CHEBI:17226,,
CHEBI:16472,,
CHEBI:18043,,
CHEBI:3176,,
CHEBI:17600,,
CHEBI:18208,,
CHEBI:17012,,
CHEBI:15517,,
CHEBI:17501,,
CHEBI:17158,,
CHEBI:15582,,
CHEBI:16278,,
CHEBI:16155,,
CHEBI:18103,,
CHEBI:16978,,
CHEBI:22065,,
CHEBI:17805,,
CHEBI:15550,,
CHEBI:17933,,
CHEBI:15505,,
CHEBI:15847,,
CHEBI:15412,,
CHEBI:16772,,
CHEBI:17123,,
CHEBI:16162,,
CHEBI:18380,,
CHEBI:15391,,
CHEBI:15703,,
CHEBI:16501,,
CHEBI:17029,,
CHEBI:15639,,
CHEBI:15870,,
CHEBI:16732,,
CHEBI:27453,,
CHEBI:16771,,
CHEBI:16395,,
CHEBI:18319,,
CHEBI:17001,,
CHEBI:17099,,
CHEBI:16700,,
CHEBI:15360,,
CHEBI:17666,,
CHEBI:18051,,
CHEBI:15756,,
CHEBI:16480,,
CHEBI:16992,,
CHEBI:16414,,
CHEBI:16587,,
CHEBI:16688,,
CHEBI:18289,,
CHEBI:17358,,
CHEBI:16052,,
CHEBI:16638,,
CHEBI:15794,,
CHEBI:18278,,
CHEBI:16411,,
CHEBI:16727,,
CHEBI:27419,,
CHEBI:17169,,
CHEBI:16532,,
CHEBI:18364,,
CHEBI:18099,,
CHEBI:16923,,
CHEBI:16086,,
CHEBI:18003,,
CHEBI:17363,,
CHEBI:16815,,
CHEBI:16680,,
CHEBI:18426,,
CHEBI:16879,,
CHEBI:18357,,
CHEBI:9139,,
CHEBI:16281,,
CHEBI:17764,,
CHEBI:16543,,
CHEBI:17246,,
CHEBI:17813,,
CHEBI:20760,,
CHEBI:17383,,
CHEBI:16171,,
CHEBI:17737,,
CHEBI:17343,,
CHEBI:4888,,
CHEBI:16157,,
CHEBI:3745,,
CHEBI:17159,,
CHEBI:16244,,
CHEBI:17272,,
CHEBI:16374,,
CHEBI:18232,,
CHEBI:18323,,
CHEBI:15447,,
CHEBI:15528,,
CHEBI:17250,,
CHEBI:5292,,
CHEBI:15626,,
CHEBI:17153,,
CHEBI:6916,,
CHEBI:17118,,
CHEBI:17251,,
CHEBI:17748,,
CHEBI:18250,,
CHEBI:16455,,
CHEBI:16857,,
CHEBI:18400,,
CHEBI:16267,,
CHEBI:4222,,
CHEBI:17663,,
CHEBI:16175,,
CHEBI:16842,,
CHEBI:18228,,
CHEBI:15406,,
CHEBI:17127,,
CHEBI:17782,,
CHEBI:18376,,
CHEBI:16866,,
CHEBI:27451,,
CHEBI:17336,,
CHEBI:16952,,
CHEBI:16444,,
CHEBI:15771,,
CHEBI:7963,,
CHEBI:17459,,
CHEBI:17818,,
CHEBI:17823,,
CHEBI:18026,,
CHEBI:16927,,
CHEBI:16434,,
CHEBI:15955,,
CHEBI:7956,,
CHEBI:18101,,
CHEBI:16303,,
CHEBI:17693,,
CHEBI:16581,,
CHEBI:16641,,
CHEBI:16284,,
CHEBI:17253,,
CHEBI:15548,,
CHEBI:17231,,
CHEBI:17244,,
CHEBI:17245,,
CHEBI:15613,,
CHEBI:15984,,
CHEBI:3960,,
CHEBI:9110,,
CHEBI:15637,,
CHEBI:18164,,
CHEBI:17596,,
CHEBI:16925,,
CHEBI:4046,,
CHEBI:17037,,
CHEBI:3510,,
CHEBI:17980,,
CHEBI:17484,,
CHEBI:17456,,
CHEBI:15580,,
CHEBI:15829,,
CHEBI:17237,,
CHEBI:17556,,
CHEBI:17388,,
CHEBI:16051,,
CHEBI:17623,6  20  20  (0:4): 3 (0:5): 3 (4:5): 17 , 6  20  20  (0:4): 3 (0:6): 3 (4:6): 17 , 6  20  20  (0:4): 3 (0:7): 3 (4:7): 17 , 6  20  20  (0:4): 3 (0:8): 3 (4:8): 15 , 6  20  20  (0:4): 3 (0:9): 3 (4:9): 17 , 6  20  20  (0:4): 3 (0:10): 3 (4:10): 15 , 6  20  20  (0:4): 3 (0:11): 3 (4:11): 15 , 6  20  20  (0:4): 3 (0:12): 3 (4:12): 15 , 6  20  20  (0:4): 3 (0:13): 3 (4:13): 13 , 6  20  20  (0:4): 3 (0:14): 3 (4:14): 15 , 6  20  20  (0:4): 3 (0:15): 3 (4:15): 15 , 6  20  20  (0:4): 3 (0:16): 3 (4:16): 13 , 6  20  20  (0:4): 3 (0:17): 3 (4:17): 13 , 6  20  20  (0:4): 3 (0:18): 3 (4:18): 13 , 6  20  20  (0:4): 3 (0:19): 3 (4:19): 11 , 6  20  20  (0:5): 3 (0:6): 3 (5:6): 15 , 6  20  20  (0:5): 3 (0:7): 3 (5:7): 15 , 6  20  20  (0:5): 3 (0:8): 3 (5:8): 17 , 6  20  20  (0:5): 3 (0:9): 3 (5:9): 15 , 6  20  20  (0:5): 3 (0:10): 3 (5:10): 13 , 6  20  20  (0:5): 3 (0:11): 3 (5:11): 17 , 6  20  20  (0:5): 3 (0:12): 3 (5:12): 13 , 6  20  20  (0:5): 3 (0:13): 3 (5:13): 15 , 6  20  20  (0:5): 3 (0:14): 3 (5:14): 17 , 6  20  20  (0:5): 3 (0:15): 3 (5:15): 13 , 6  20  20  (0:5): 3 (0:16): 3 (5:16): 15 , 6  20  20  (0:5): 3 (0:17): 3 (5:17): 11 , 6  20  20  (0:5): 3 (0:18): 3 (5:18): 15 , 6  20  20  (0:5): 3 (0:19): 3 (5:19): 13 , 6  20  20  (0:6): 3 (0:7): 3 (6:7): 15 , 6  20  20  (0:6): 3 (0:8): 3 (6:8): 13 , 6  20  20  (0:6): 3 (0:9): 3 (6:9): 15 , 6  20  20  (0:6): 3 (0:10): 3 (6:10): 17 , 6  20  20  (0:6): 3 (0:11): 3 (6:11): 17 , 6  20  20  (0:6): 3 (0:12): 3 (6:12): 17 , 6  20  20  (0:6): 3 (0:13): 3 (6:13): 15 , 6  20  20  (0:6): 3 (0:14): 3 (6:14): 13 , 6  20  20  (0:6): 3 (0:15): 3 (6:15): 13 , 6  20  20  (0:6): 3 (0:16): 3 (6:16): 11 , 6  20  20  (0:6): 3 (0:17): 3 (6:17): 15 , 6  20  20  (0:6): 3 (0:18): 3 (6:18): 15 , 6  20  20  (0:6): 3 (0:19): 3 (6:19): 13 , 6  20  20  (0:7): 3 (0:8): 3 (7:8): 17 , 6  20  20  (0:7): 3 (0:9): 3 (7:9): 15 , 6  20  20  (0:7): 3 (0:10): 3 (7:10): 13 , 6  20  20  (0:7): 3 (0:11): 3 (7:11): 13 , 6  20  20  (0:7): 3 (0:12): 3 (7:12): 17 , 6  20  20  (0:7): 3 (0:13): 3 (7:13): 15 , 6  20  20  (0:7): 3 (0:14): 3 (7:14): 13 , 6  20  20  (0:7): 3 (0:15): 3 (7:15): 17 , 6  20  20  (0:7): 3 (0:16): 3 (7:16): 15 , 6  20  20  (0:7): 3 (0:17): 3 (7:17): 15 , 6  20  20  (0:7): 3 (0:18): 3 (7:18): 11 , 6  20  20  (0:7): 3 (0:19): 3 (7:19): 13 , 6  20  20  (0:8): 3 (0:9): 3 (8:9): 13 , 6  20  20  (0:8): 3 (0:10): 3 (8:10): 11 , 6  20  20  (0:8): 3 (0:11): 3 (8:11): 15 , 6  20  20  (0:8): 3 (0:12): 3 (8:12): 15 , 6  20  20  (0:8): 3 (0:13): 3 (8:13): 17 , 6  20  20  (0:8): 3 (0:14): 3 (8:14): 15 , 6  20  20  (0:8): 3 (0:15): 3 (8:15): 15 , 6  20  20  (0:8): 3 (0:16): 3 (8:16): 17 , 6  20  20  (0:8): 3 (0:17): 3 (8:17): 13 , 6  20  20  (0:8): 3 (0:18): 3 (8:18): 13 , 6  20  20  (0:8): 3 (0:19): 3 (8:19): 15 , 6  20  20  (0:9): 3 (0:10): 3 (9:10): 17 , 6  20  20  (0:9): 3 (0:11): 3 (9:11): 13 , 6  20  20  (0:9): 3 (0:12): 3 (9:12): 13 , 6  20  20  (0:9): 3 (0:13): 3 (9:13): 11 , 6  20  20  (0:9): 3 (0:14): 3 (9:14): 17 , 6  20  20  (0:9): 3 (0:15): 3 (9:15): 17 , 6  20  20  (0:9): 3 (0:16): 3 (9:16): 15 , 6  20  20  (0:9): 3 (0:17): 3 (9:17): 15 , 6  20  20  (0:9): 3 (0:18): 3 (9:18): 15 , 6  20  20  (0:9): 3 (0:19): 3 (9:19): 13 , 6  20  20  (0:10): 3 (0:11): 3 (10:11): 15 , 6  20  20  (0:10): 3 (0:12): 3 (10:12): 15 , 6  20  20  (0:10): 3 (0:13): 3 (10:13): 13 , 6  20  20  (0:10): 3 (0:14): 3 (10:14): 15 , 6  20  20  (0:10): 3 (0:15): 3 (10:15): 15 , 6  20  20  (0:10): 3 (0:16): 3 (10:16): 13 , 6  20  20  (0:10): 3 (0:17): 3 (10:17): 17 , 6  20  20  (0:10): 3 (0:18): 3 (10:18): 17 , 6  20  20  (0:10): 3 (0:19): 3 (10:19): 15 , 6  20  20  (0:11): 3 (0:12): 3 (11:12): 15 , 6  20  20  (0:11): 3 (0:13): 3 (11:13): 17 , 6  20  20  (0:11): 3 (0:14): 3 (11:14): 15 , 6  20  20  (0:11): 3 (0:15): 3 (11:15): 11 , 6  20  20  (0:11): 3 (0:16): 3 (11:16): 13 , 6  20  20  (0:11): 3 (0:17): 3 (11:17): 13 , 6  20  20  (0:11): 3 (0:18): 3 (11:18): 17 , 6  20  20  (0:11): 3 (0:19): 3 (11:19): 15 , 6  20  20  (0:12): 3 (0:13): 3 (12:13): 17 , 6  20  20  (0:12): 3 (0:14): 3 (12:14): 11 , 6  20  20  (0:12): 3 (0:15): 3 (12:15): 15 , 6  20  20  (0:12): 3 (0:16): 3 (12:16): 13 , 6  20  20  (0:12): 3 (0:17): 3 (12:17): 17 , 6  20  20  (0:12): 3 (0:18): 3 (12:18): 13 , 6  20  20  (0:12): 3 (0:19): 3 (12:19): 15 , 6  20  20  (0:13): 3 (0:14): 3 (13:14): 13 , 6  20  20  (0:13): 3 (0:15): 3 (13:15): 13 , 6  20  20  (0:13): 3 (0:16): 3 (13:16): 15 , 6  20  20  (0:13): 3 (0:17): 3 (13:17): 15 , 6  20  20  (0:13): 3 (0:18): 3 (13:18): 15 , 6  20  20  (0:13): 3 (0:19): 3 (13:19): 17 , 6  20  20  (0:14): 3 (0:15): 3 (14:15): 15 , 6  20  20  (0:14): 3 (0:16): 3 (14:16): 17 , 6  20  20  (0:14): 3 (0:17): 3 (14:17): 13 , 6  20  20  (0:14): 3 (0:18): 3 (14:18): 17 , 6  20  20  (0:14): 3 (0:19): 3 (14:19): 15 , 6  20  20  (0:15): 3 (0:16): 3 (15:16): 17 , 6  20  20  (0:15): 3 (0:17): 3 (15:17): 17 , 6  20  20  (0:15): 3 (0:18): 3 (15:18): 13 , 6  20  20  (0:15): 3 (0:19): 3 (15:19): 15 , 6  20  20  (0:16): 3 (0:17): 3 (16:17): 15 , 6  20  20  (0:16): 3 (0:18): 3 (16:18): 15 , 6  20  20  (0:16): 3 (0:19): 3 (16:19): 17 , 6  20  20  (0:17): 3 (0:18): 3 (17:18): 15 , 6  20  20  (0:17): 3 (0:19): 3 (17:19): 17 , 6  20  20  (0:18): 3 (0:19): 3 (18:19): 17 , 6  20  20  (1:4): 3 (1:5): 3 (4:5): 17 , 6  20  20  (1:4): 3 (1:6): 3 (4:6): 17 , 6  20  20  (1:4): 3 (1:7): 3 (4:7): 17 , 6  20  20  (1:4): 3 (1:8): 3 (4:8): 15 , 6  20  20  (1:4): 3 (1:9): 3 (4:9): 17 , 6  20  20  (1:4): 3 (1:10): 3 (4:10): 15 , 6  20  20  (1:4): 3 (1:11): 3 (4:11): 15 , 6  20  20  (1:4): 3 (1:12): 3 (4:12): 15 , 6  20  20  (1:4): 3 (1:13): 3 (4:13): 13 , 6  20  20  (1:4): 3 (1:14): 3 (4:14): 15 , 6  20  20  (1:4): 3 (1:15): 3 (4:15): 15 , 6  20  20  (1:4): 3 (1:16): 3 (4:16): 13 , 6  20  20  (1:4): 3 (1:17): 3 (4:17): 13 , 6  20  20  (1:4): 3 (1:18): 3 (4:18): 13 , 6  20  20  (1:4): 3 (1:19): 3 (4:19): 11 , 6  20  20  (1:5): 3 (1:6): 3 (5:6): 15 , 6  20  20  (1:5): 3 (1:7): 3 (5:7): 15 , 6  20  20  (1:5): 3 (1:8): 3 (5:8): 17 , 6  20  20  (1:5): 3 (1:9): 3 (5:9): 15 , 6  20  20  (1:5): 3 (1:10): 3 (5:10): 13 , 6  20  20  (1:5): 3 (1:11): 3 (5:11): 17 , 6  20  20  (1:5): 3 (1:12): 3 (5:12): 13 , 6  20  20  (1:5): 3 (1:13): 3 (5:13): 15 , 6  20  20  (1:5): 3 (1:14): 3 (5:14): 17 , 6  20  20  (1:5): 3 (1:15): 3 (5:15): 13 , 6  20  20  (1:5): 3 (1:16): 3 (5:16): 15 , 6  20  20  (1:5): 3 (1:17): 3 (5:17): 11 , 6  20  20  (1:5): 3 (1:18): 3 (5:18): 15 , 6  20  20  (1:5): 3 (1:19): 3 (5:19): 13 , 6  20  20  (1:6): 3 (1:7): 3 (6:7): 15 , 6  20  20  (1:6): 3 (1:8): 3 (6:8): 13 , 6  20  20  (1:6): 3 (1:9): 3 (6:9): 15 , 6  20  20  (1:6): 3 (1:10): 3 (6:10): 17 , 6  20  20  (1:6): 3 (1:11): 3 (6:11): 17 , 6  20  20  (1:6): 3 (1:12): 3 (6:12): 17 , 6  20  20  (1:6): 3 (1:13): 3 (6:13): 15 , 6  20  20  (1:6): 3 (1:14): 3 (6:14): 13 , 6  20  20  (1:6): 3 (1:15): 3 (6:15): 13 , 6  20  20  (1:6): 3 (1:16): 3 (6:16): 11 , 6  20  20  (1:6): 3 (1:17): 3 (6:17): 15 , 6  20  20  (1:6): 3 (1:18): 3 (6:18): 15 , 6  20  20  (1:6): 3 (1:19): 3 (6:19): 13 , 6  20  20  (1:7): 3 (1:8): 3 (7:8): 17 , 6  20  20  (1:7): 3 (1:9): 3 (7:9): 15 , 6  20  20  (1:7): 3 (1:10): 3 (7:10): 13 , 6  20  20  (1:7): 3 (1:11): 3 (7:11): 13 , 6  20  20  (1:7): 3 (1:12): 3 (7:12): 17 , 6  20  20  (1:7): 3 (1:13): 3 (7:13): 15 , 6  20  20  (1:7): 3 (1:14): 3 (7:14): 13 , 6  20  20  (1:7): 3 (1:15): 3 (7:15): 17 , 6  20  20  (1:7): 3 (1:16): 3 (7:16): 15 , 6  20  20  (1:7): 3 (1:17): 3 (7:17): 15 , 6  20  20  (1:7): 3 (1:18): 3 (7:18): 11 , 6  20  20  (1:7): 3 (1:19): 3 (7:19): 13 , 6  20  20  (1:8): 3 (1:9): 3 (8:9): 13 , 6  20  20  (1:8): 3 (1:10): 3 (8:10): 11 , 6  20  20  (1:8): 3 (1:11): 3 (8:11): 15 , 6  20  20  (1:8): 3 (1:12): 3 (8:12): 15 , 6  20  20  (1:8): 3 (1:13): 3 (8:13): 17 , 6  20  20  (1:8): 3 (1:14): 3 (8:14): 15 , 6  20  20  (1:8): 3 (1:15): 3 (8:15): 15 , 6  20  20  (1:8): 3 (1:16): 3 (8:16): 17 , 6  20  20  (1:8): 3 (1:17): 3 (8:17): 13 , 6  20  20  (1:8): 3 (1:18): 3 (8:18): 13 , 6  20  20  (1:8): 3 (1:19): 3 (8:19): 15 , 6  20  20  (1:9): 3 (1:10): 3 (9:10): 17 , 6  20  20  (1:9): 3 (1:11): 3 (9:11): 13 , 6  20  20  (1:9): 3 (1:12): 3 (9:12): 13 , 6  20  20  (1:9): 3 (1:13): 3 (9:13): 11 , 6  20  20  (1:9): 3 (1:14): 3 (9:14): 17 , 6  20  20  (1:9): 3 (1:15): 3 (9:15): 17 , 6  20  20  (1:9): 3 (1:16): 3 (9:16): 15 , 6  20  20  (1:9): 3 (1:17): 3 (9:17): 15 , 6  20  20  (1:9): 3 (1:18): 3 (9:18): 15 , 6  20  20  (1:9): 3 (1:19): 3 (9:19): 13 , 6  20  20  (1:10): 3 (1:11): 3 (10:11): 15 , 6  20  20  (1:10): 3 (1:12): 3 (10:12): 15 , 6  20  20  (1:10): 3 (1:13): 3 (10:13): 13 , 6  20  20  (1:10): 3 (1:14): 3 (10:14): 15 , 6  20  20  (1:10): 3 (1:15): 3 (10:15): 15 , 6  20  20  (1:10): 3 (1:16): 3 (10:16): 13 , 6  20  20  (1:10): 3 (1:17): 3 (10:17): 17 , 6  20  20  (1:10): 3 (1:18): 3 (10:18): 17 , 6  20  20  (1:10): 3 (1:19): 3 (10:19): 15 , 6  20  20  (1:11): 3 (1:12): 3 (11:12): 15 , 6  20  20  (1:11): 3 (1:13): 3 (11:13): 17 , 6  20  20  (1:11): 3 (1:14): 3 (11:14): 15 , 6  20  20  (1:11): 3 (1:15): 3 (11:15): 11 , 6  20  20  (1:11): 3 (1:16): 3 (11:16): 13 , 6  20  20  (1:11): 3 (1:17): 3 (11:17): 13 , 6  20  20  (1:11): 3 (1:18): 3 (11:18): 17 , 6  20  20  (1:11): 3 (1:19): 3 (11:19): 15 , 6  20  20  (1:12): 3 (1:13): 3 (12:13): 17 , 6  20  20  (1:12): 3 (1:14): 3 (12:14): 11 , 6  20  20  (1:12): 3 (1:15): 3 (12:15): 15 , 6  20  20  (1:12): 3 (1:16): 3 (12:16): 13 , 6  20  20  (1:12): 3 (1:17): 3 (12:17): 17 , 6  20  20  (1:12): 3 (1:18): 3 (12:18): 13 , 6  20  20  (1:12): 3 (1:19): 3 (12:19): 15 , 6  20  20  (1:13): 3 (1:14): 3 (13:14): 13 , 6  20  20  (1:13): 3 (1:15): 3 (13:15): 13 , 6  20  20  (1:13): 3 (1:16): 3 (13:16): 15 , 6  20  20  (1:13): 3 (1:17): 3 (13:17): 15 , 6  20  20  (1:13): 3 (1:18): 3 (13:18): 15 , 6  20  20  (1:13): 3 (1:19): 3 (13:19): 17 , 6  20  20  (1:14): 3 (1:15): 3 (14:15): 15 , 6  20  20  (1:14): 3 (1:16): 3 (14:16): 17 , 6  20  20  (1:14): 3 (1:17): 3 (14:17): 13 , 6  20  20  (1:14): 3 (1:18): 3 (14:18): 17 , 6  20  20  (1:14): 3 (1:19): 3 (14:19): 15 , 6  20  20  (1:15): 3 (1:16): 3 (15:16): 17 , 6  20  20  (1:15): 3 (1:17): 3 (15:17): 17 , 6  20  20  (1:15): 3 (1:18): 3 (15:18): 13 , 6  20  20  (1:15): 3 (1:19): 3 (15:19): 15 , 6  20  20  (1:16): 3 (1:17): 3 (16:17): 15 , 6  20  20  (1:16): 3 (1:18): 3 (16:18): 15 , 6  20  20  (1:16): 3 (1:19): 3 (16:19): 17 , 6  20  20  (1:17): 3 (1:18): 3 (17:18): 15 , 6  20  20  (1:17): 3 (1:19): 3 (17:19): 17 , 6  20  20  (1:18): 3 (1:19): 3 (18:19): 17 , 6  20  20  (2:4): 3 (2:5): 3 (4:5): 17 , 6  20  20  (2:4): 3 (2:6): 3 (4:6): 17 , 6  20  20  (2:4): 3 (2:7): 3 (4:7): 17 , 6  20  20  (2:4): 3 (2:8): 3 (4:8): 15 , 6  20  20  (2:4): 3 (2:9): 3 (4:9): 17 , 6  20  20  (2:4): 3 (2:10): 3 (4:10): 15 , 6  20  20  (2:4): 3 (2:11): 3 (4:11): 15 , 6  20  20  (2:4): 3 (2:12): 3 (4:12): 15 , 6  20  20  (2:4): 3 (2:13): 3 (4:13): 13 , 6  20  20  (2:4): 3 (2:14): 3 (4:14): 15 , 6  20  20  (2:4): 3 (2:15): 3 (4:15): 15 , 6  20  20  (2:4): 3 (2:16): 3 (4:16): 13 , 6  20  20  (2:4): 3 (2:17): 3 (4:17): 13 , 6  20  20  (2:4): 3 (2:18): 3 (4:18): 13 , 6  20  20  (2:4): 3 (2:19): 3 (4:19): 11 , 6  20  20  (2:5): 3 (2:6): 3 (5:6): 15 , 6  20  20  (2:5): 3 (2:7): 3 (5:7): 15 , 6  20  20  (2:5): 3 (2:8): 3 (5:8): 17 , 6  20  20  (2:5): 3 (2:9): 3 (5:9): 15 , 6  20  20  (2:5): 3 (2:10): 3 (5:10): 13 , 6  20  20  (2:5): 3 (2:11): 3 (5:11): 17 , 6  20  20  (2:5): 3 (2:12): 3 (5:12): 13 , 6  20  20  (2:5): 3 (2:13): 3 (5:13): 15 , 6  20  20  (2:5): 3 (2:14): 3 (5:14): 17 , 6  20  20  (2:5): 3 (2:15): 3 (5:15): 13 , 6  20  20  (2:5): 3 (2:16): 3 (5:16): 15 , 6  20  20  (2:5): 3 (2:17): 3 (5:17): 11 , 6  20  20  (2:5): 3 (2:18): 3 (5:18): 15 , 6  20  20  (2:5): 3 (2:19): 3 (5:19): 13 , 6  20  20  (2:6): 3 (2:7): 3 (6:7): 15 , 6  20  20  (2:6): 3 (2:8): 3 (6:8): 13 , 6  20  20  (2:6): 3 (2:9): 3 (6:9): 15 , 6  20  20  (2:6): 3 (2:10): 3 (6:10): 17 , 6  20  20  (2:6): 3 (2:11): 3 (6:11): 17 , 6  20  20  (2:6): 3 (2:12): 3 (6:12): 17 , 6  20  20  (2:6): 3 (2:13): 3 (6:13): 15 , 6  20  20  (2:6): 3 (2:14): 3 (6:14): 13 , 6  20  20  (2:6): 3 (2:15): 3 (6:15): 13 , 6  20  20  (2:6): 3 (2:16): 3 (6:16): 11 , 6  20  20  (2:6): 3 (2:17): 3 (6:17): 15 , 6  20  20  (2:6): 3 (2:18): 3 (6:18): 15 , 6  20  20  (2:6): 3 (2:19): 3 (6:19): 13 , 6  20  20  (2:7): 3 (2:8): 3 (7:8): 17 , 6  20  20  (2:7): 3 (2:9): 3 (7:9): 15 , 6  20  20  (2:7): 3 (2:10): 3 (7:10): 13 , 6  20  20  (2:7): 3 (2:11): 3 (7:11): 13 , 6  20  20  (2:7): 3 (2:12): 3 (7:12): 17 , 6  20  20  (2:7): 3 (2:13): 3 (7:13): 15 , 6  20  20  (2:7): 3 (2:14): 3 (7:14): 13 , 6  20  20  (2:7): 3 (2:15): 3 (7:15): 17 , 6  20  20  (2:7): 3 (2:16): 3 (7:16): 15 , 6  20  20  (2:7): 3 (2:17): 3 (7:17): 15 , 6  20  20  (2:7): 3 (2:18): 3 (7:18): 11 , 6  20  20  (2:7): 3 (2:19): 3 (7:19): 13 , 6  20  20  (2:8): 3 (2:9): 3 (8:9): 13 , 6  20  20  (2:8): 3 (2:10): 3 (8:10): 11 , 6  20  20  (2:8): 3 (2:11): 3 (8:11): 15 , 6  20  20  (2:8): 3 (2:12): 3 (8:12): 15 , 6  20  20  (2:8): 3 (2:13): 3 (8:13): 17 , 6  20  20  (2:8): 3 (2:14): 3 (8:14): 15 , 6  20  20  (2:8): 3 (2:15): 3 (8:15): 15 , 6  20  20  (2:8): 3 (2:16): 3 (8:16): 17 , 6  20  20  (2:8): 3 (2:17): 3 (8:17): 13 , 6  20  20  (2:8): 3 (2:18): 3 (8:18): 13 , 6  20  20  (2:8): 3 (2:19): 3 (8:19): 15 , 6  20  20  (2:9): 3 (2:10): 3 (9:10): 17 , 6  20  20  (2:9): 3 (2:11): 3 (9:11): 13 , 6  20  20  (2:9): 3 (2:12): 3 (9:12): 13 , 6  20  20  (2:9): 3 (2:13): 3 (9:13): 11 , 6  20  20  (2:9): 3 (2:14): 3 (9:14): 17 , 6  20  20  (2:9): 3 (2:15): 3 (9:15): 17 , 6  20  20  (2:9): 3 (2:16): 3 (9:16): 15 , 6  20  20  (2:9): 3 (2:17): 3 (9:17): 15 , 6  20  20  (2:9): 3 (2:18): 3 (9:18): 15 , 6  20  20  (2:9): 3 (2:19): 3 (9:19): 13 , 6  20  20  (2:10): 3 (2:11): 3 (10:11): 15 , 6  20  20  (2:10): 3 (2:12): 3 (10:12): 15 , 6  20  20  (2:10): 3 (2:13): 3 (10:13): 13 , 6  20  20  (2:10): 3 (2:14): 3 (10:14): 15 , 6  20  20  (2:10): 3 (2:15): 3 (10:15): 15 , 6  20  20  (2:10): 3 (2:16): 3 (10:16): 13 , 6  20  20  (2:10): 3 (2:17): 3 (10:17): 17 , 6  20  20  (2:10): 3 (2:18): 3 (10:18): 17 , 6  20  20  (2:10): 3 (2:19): 3 (10:19): 15 , 6  20  20  (2:11): 3 (2:12): 3 (11:12): 15 , 6  20  20  (2:11): 3 (2:13): 3 (11:13): 17 , 6  20  20  (2:11): 3 (2:14): 3 (11:14): 15 , 6  20  20  (2:11): 3 (2:15): 3 (11:15): 11 , 6  20  20  (2:11): 3 (2:16): 3 (11:16): 13 , 6  20  20  (2:11): 3 (2:17): 3 (11:17): 13 , 6  20  20  (2:11): 3 (2:18): 3 (11:18): 17 , 6  20  20  (2:11): 3 (2:19): 3 (11:19): 15 , 6  20  20  (2:12): 3 (2:13): 3 (12:13): 17 , 6  20  20  (2:12): 3 (2:14): 3 (12:14): 11 , 6  20  20  (2:12): 3 (2:15): 3 (12:15): 15 , 6  20  20  (2:12): 3 (2:16): 3 (12:16): 13 , 6  20  20  (2:12): 3 (2:17): 3 (12:17): 17 , 6  20  20  (2:12): 3 (2:18): 3 (12:18): 13 , 6  20  20  (2:12): 3 (2:19): 3 (12:19): 15 , 6  20  20  (2:13): 3 (2:14): 3 (13:14): 13 , 6  20  20  (2:13): 3 (2:15): 3 (13:15): 13 , 6  20  20  (2:13): 3 (2:16): 3 (13:16): 15 , 6  20  20  (2:13): 3 (2:17): 3 (13:17): 15 , 6  20  20  (2:13): 3 (2:18): 3 (13:18): 15 , 6  20  20  (2:13): 3 (2:19): 3 (13:19): 17 , 6  20  20  (2:14): 3 (2:15): 3 (14:15): 15 , 6  20  20  (2:14): 3 (2:16): 3 (14:16): 17 , 6  20  20  (2:14): 3 (2:17): 3 (14:17): 13 , 6  20  20  (2:14): 3 (2:18): 3 (14:18): 17 , 6  20  20  (2:14): 3 (2:19): 3 (14:19): 15 , 6  20  20  (2:15): 3 (2:16): 3 (15:16): 17 , 6  20  20  (2:15): 3 (2:17): 3 (15:17): 17 , 6  20  20  (2:15): 3 (2:18): 3 (15:18): 13 , 6  20  20  (2:15): 3 (2:19): 3 (15:19): 15 , 6  20  20  (2:16): 3 (2:17): 3 (16:17): 15 , 6  20  20  (2:16): 3 (2:18): 3 (16:18): 15 , 6  20  20  (2:16): 3 (2:19): 3 (16:19): 17 , 6  20  20  (2:17): 3 (2:18): 3 (17:18): 15 , 6  20  20  (2:17): 3 (2:19): 3 (17:19): 17 , 6  20  20  (2:18): 3 (2:19): 3 (18:19): 17 , 6  20  20  (3:4): 3 (3:5): 3 (4:5): 17 , 6  20  20  (3:4): 3 (3:6): 3 (4:6): 17 , 6  20  20  (3:4): 3 (3:7): 3 (4:7): 17 , 6  20  20  (3:4): 3 (3:8): 3 (4:8): 15 , 6  20  20  (3:4): 3 (3:9): 3 (4:9): 17 , 6  20  20  (3:4): 3 (3:10): 3 (4:10): 15 , 6  20  20  (3:4): 3 (3:11): 3 (4:11): 15 , 6  20  20  (3:4): 3 (3:12): 3 (4:12): 15 , 6  20  20  (3:4): 3 (3:13): 3 (4:13): 13 , 6  20  20  (3:4): 3 (3:14): 3 (4:14): 15 , 6  20  20  (3:4): 3 (3:15): 3 (4:15): 15 , 6  20  20  (3:4): 3 (3:16): 3 (4:16): 13 , 6  20  20  (3:4): 3 (3:17): 3 (4:17): 13 , 6  20  20  (3:4): 3 (3:18): 3 (4:18): 13 , 6  20  20  (3:4): 3 (3:19): 3 (4:19): 11 , 6  20  20  (3:5): 3 (3:6): 3 (5:6): 15 , 6  20  20  (3:5): 3 (3:7): 3 (5:7): 15 , 6  20  20  (3:5): 3 (3:8): 3 (5:8): 17 , 6  20  20  (3:5): 3 (3:9): 3 (5:9): 15 , 6  20  20  (3:5): 3 (3:10): 3 (5:10): 13 , 6  20  20  (3:5): 3 (3:11): 3 (5:11): 17 , 6  20  20  (3:5): 3 (3:12): 3 (5:12): 13 , 6  20  20  (3:5): 3 (3:13): 3 (5:13): 15 , 6  20  20  (3:5): 3 (3:14): 3 (5:14): 17 , 6  20  20  (3:5): 3 (3:15): 3 (5:15): 13 , 6  20  20  (3:5): 3 (3:16): 3 (5:16): 15 , 6  20  20  (3:5): 3 (3:17): 3 (5:17): 11 , 6  20  20  (3:5): 3 (3:18): 3 (5:18): 15 , 6  20  20  (3:5): 3 (3:19): 3 (5:19): 13 , 6  20  20  (3:6): 3 (3:7): 3 (6:7): 15 , 6  20  20  (3:6): 3 (3:8): 3 (6:8): 13 , 6  20  20  (3:6): 3 (3:9): 3 (6:9): 15 , 6  20  20  (3:6): 3 (3:10): 3 (6:10): 17 , 6  20  20  (3:6): 3 (3:11): 3 (6:11): 17 , 6  20  20  (3:6): 3 (3:12): 3 (6:12): 17 , 6  20  20  (3:6): 3 (3:13): 3 (6:13): 15 , 6  20  20  (3:6): 3 (3:14): 3 (6:14): 13 , 6  20  20  (3:6): 3 (3:15): 3 (6:15): 13 , 6  20  20  (3:6): 3 (3:16): 3 (6:16): 11 , 6  20  20  (3:6): 3 (3:17): 3 (6:17): 15 , 6  20  20  (3:6): 3 (3:18): 3 (6:18): 15 , 6  20  20  (3:6): 3 (3:19): 3 (6:19): 13 , 6  20  20  (3:7): 3 (3:8): 3 (7:8): 17 , 6  20  20  (3:7): 3 (3:9): 3 (7:9): 15 , 6  20  20  (3:7): 3 (3:10): 3 (7:10): 13 , 6  20  20  (3:7): 3 (3:11): 3 (7:11): 13 , 6  20  20  (3:7): 3 (3:12): 3 (7:12): 17 , 6  20  20  (3:7): 3 (3:13): 3 (7:13): 15 , 6  20  20  (3:7): 3 (3:14): 3 (7:14): 13 , 6  20  20  (3:7): 3 (3:15): 3 (7:15): 17 , 6  20  20  (3:7): 3 (3:16): 3 (7:16): 15 , 6  20  20  (3:7): 3 (3:17): 3 (7:17): 15 , 6  20  20  (3:7): 3 (3:18): 3 (7:18): 11 , 6  20  20  (3:7): 3 (3:19): 3 (7:19): 13 , 6  20  20  (3:8): 3 (3:9): 3 (8:9): 13 , 6  20  20  (3:8): 3 (3:10): 3 (8:10): 11 , 6  20  20  (3:8): 3 (3:11): 3 (8:11): 15 , 6  20  20  (3:8): 3 (3:12): 3 (8:12): 15 , 6  20  20  (3:8): 3 (3:13): 3 (8:13): 17 , 6  20  20  (3:8): 3 (3:14): 3 (8:14): 15 , 6  20  20  (3:8): 3 (3:15): 3 (8:15): 15 , 6  20  20  (3:8): 3 (3:16): 3 (8:16): 17 , 6  20  20  (3:8): 3 (3:17): 3 (8:17): 13 , 6  20  20  (3:8): 3 (3:18): 3 (8:18): 13 , 6  20  20  (3:8): 3 (3:19): 3 (8:19): 15 , 6  20  20  (3:9): 3 (3:10): 3 (9:10): 17 , 6  20  20  (3:9): 3 (3:11): 3 (9:11): 13 , 6  20  20  (3:9): 3 (3:12): 3 (9:12): 13 , 6  20  20  (3:9): 3 (3:13): 3 (9:13): 11 , 6  20  20  (3:9): 3 (3:14): 3 (9:14): 17 , 6  20  20  (3:9): 3 (3:15): 3 (9:15): 17 , 6  20  20  (3:9): 3 (3:16): 3 (9:16): 15 , 6  20  20  (3:9): 3 (3:17): 3 (9:17): 15 , 6  20  20  (3:9): 3 (3:18): 3 (9:18): 15 , 6  20  20  (3:9): 3 (3:19): 3 (9:19): 13 , 6  20  20  (3:10): 3 (3:11): 3 (10:11): 15 , 6  20  20  (3:10): 3 (3:12): 3 (10:12): 15 , 6  20  20  (3:10): 3 (3:13): 3 (10:13): 13 , 6  20  20  (3:10): 3 (3:14): 3 (10:14): 15 , 6  20  20  (3:10): 3 (3:15): 3 (10:15): 15 , 6  20  20  (3:10): 3 (3:16): 3 (10:16): 13 , 6  20  20  (3:10): 3 (3:17): 3 (10:17): 17 , 6  20  20  (3:10): 3 (3:18): 3 (10:18): 17 , 6  20  20  (3:10): 3 (3:19): 3 (10:19): 15 , 6  20  20  (3:11): 3 (3:12): 3 (11:12): 15 , 6  20  20  (3:11): 3 (3:13): 3 (11:13): 17 , 6  20  20  (3:11): 3 (3:14): 3 (11:14): 15 , 6  20  20  (3:11): 3 (3:15): 3 (11:15): 11 , 6  20  20  (3:11): 3 (3:16): 3 (11:16): 13 , 6  20  20  (3:11): 3 (3:17): 3 (11:17): 13 , 6  20  20  (3:11): 3 (3:18): 3 (11:18): 17 , 6  20  20  (3:11): 3 (3:19): 3 (11:19): 15 , 6  20  20  (3:12): 3 (3:13): 3 (12:13): 17 , 6  20  20  (3:12): 3 (3:14): 3 (12:14): 11 , 6  20  20  (3:12): 3 (3:15): 3 (12:15): 15 , 6  20  20  (3:12): 3 (3:16): 3 (12:16): 13 , 6  20  20  (3:12): 3 (3:17): 3 (12:17): 17 , 6  20  20  (3:12): 3 (3:18): 3 (12:18): 13 , 6  20  20  (3:12): 3 (3:19): 3 (12:19): 15 , 6  20  20  (3:13): 3 (3:14): 3 (13:14): 13 , 6  20  20  (3:13): 3 (3:15): 3 (13:15): 13 , 6  20  20  (3:13): 3 (3:16): 3 (13:16): 15 , 6  20  20  (3:13): 3 (3:17): 3 (13:17): 15 , 6  20  20  (3:13): 3 (3:18): 3 (13:18): 15 , 6  20  20  (3:13): 3 (3:19): 3 (13:19): 17 , 6  20  20  (3:14): 3 (3:15): 3 (14:15): 15 , 6  20  20  (3:14): 3 (3:16): 3 (14:16): 17 , 6  20  20  (3:14): 3 (3:17): 3 (14:17): 13 , 6  20  20  (3:14): 3 (3:18): 3 (14:18): 17 , 6  20  20  (3:14): 3 (3:19): 3 (14:19): 15 , 6  20  20  (3:15): 3 (3:16): 3 (15:16): 17 , 6  20  20  (3:15): 3 (3:17): 3 (15:17): 17 , 6  20  20  (3:15): 3 (3:18): 3 (15:18): 13 , 6  20  20  (3:15): 3 (3:19): 3 (15:19): 15 , 6  20  20  (3:16): 3 (3:17): 3 (16:17): 15 , 6  20  20  (3:16): 3 (3:18): 3 (16:18): 15 , 6  20  20  (3:16): 3 (3:19): 3 (16:19): 17 , 6  20  20  (3:17): 3 (3:18): 3 (17:18): 15 , 6  20  20  (3:17): 3 (3:19): 3 (17:19): 17 , 6  20  20  (3:18): 3 (3:19): 3 (18:19): 17 , 20  20  20  (4:5): 17 (4:6): 17 (5:6): 15 , 20  20  20  (4:5): 17 (4:7): 17 (5:7): 15 , 20  20  20  (4:5): 17 (4:8): 15 (5:8): 17 , 20  20  20  (4:5): 17 (4:9): 17 (5:9): 15 , 20  20  20  (4:5): 17 (4:10): 15 (5:10): 13 , 20  20  20  (4:5): 17 (4:11): 15 (5:11): 17 , 20  20  20  (4:5): 17 (4:12): 15 (5:12): 13 , 20  20  20  (4:5): 17 (4:13): 13 (5:13): 15 , 20  20  20  (4:5): 17 (4:14): 15 (5:14): 17 , 20  20  20  (4:5): 17 (4:15): 15 (5:15): 13 , 20  20  20  (4:5): 17 (4:16): 13 (5:16): 15 , 20  20  20  (4:5): 17 (4:17): 13 (5:17): 11 , 20  20  20  (4:5): 17 (4:18): 13 (5:18): 15 , 20  20  20  (4:5): 17 (4:19): 11 (5:19): 13 , 20  20  20  (4:6): 17 (4:7): 17 (6:7): 15 , 20  20  20  (4:6): 17 (4:8): 15 (6:8): 13 , 20  20  20  (4:6): 17 (4:9): 17 (6:9): 15 , 20  20  20  (4:6): 17 (4:10): 15 (6:10): 17 , 20  20  20  (4:6): 17 (4:11): 15 (6:11): 17 , 20  20  20  (4:6): 17 (4:12): 15 (6:12): 17 , 20  20  20  (4:6): 17 (4:13): 13 (6:13): 15 , 20  20  20  (4:6): 17 (4:14): 15 (6:14): 13 , 20  20  20  (4:6): 17 (4:15): 15 (6:15): 13 , 20  20  20  (4:6): 17 (4:16): 13 (6:16): 11 , 20  20  20  (4:6): 17 (4:17): 13 (6:17): 15 , 20  20  20  (4:6): 17 (4:18): 13 (6:18): 15 , 20  20  20  (4:6): 17 (4:19): 11 (6:19): 13 , 20  20  20  (4:7): 17 (4:8): 15 (7:8): 17 , 20  20  20  (4:7): 17 (4:9): 17 (7:9): 15 , 20  20  20  (4:7): 17 (4:10): 15 (7:10): 13 , 20  20  20  (4:7): 17 (4:11): 15 (7:11): 13 , 20  20  20  (4:7): 17 (4:12): 15 (7:12): 17 , 20  20  20  (4:7): 17 (4:13): 13 (7:13): 15 , 20  20  20  (4:7): 17 (4:14): 15 (7:14): 13 , 20  20  20  (4:7): 17 (4:15): 15 (7:15): 17 , 20  20  20  (4:7): 17 (4:16): 13 (7:16): 15 , 20  20  20  (4:7): 17 (4:17): 13 (7:17): 15 , 20  20  20  (4:7): 17 (4:18): 13 (7:18): 11 , 20  20  20  (4:7): 17 (4:19): 11 (7:19): 13 , 20  20  20  (4:8): 15 (4:9): 17 (8:9): 13 , 20  20  20  (4:8): 15 (4:10): 15 (8:10): 11 , 20  20  20  (4:8): 15 (4:11): 15 (8:11): 15 , 20  20  20  (4:8): 15 (4:12): 15 (8:12): 15 , 20  20  20  (4:8): 15 (4:13): 13 (8:13): 17 , 20  20  20  (4:8): 15 (4:14): 15 (8:14): 15 , 20  20  20  (4:8): 15 (4:15): 15 (8:15): 15 , 20  20  20  (4:8): 15 (4:16): 13 (8:16): 17 , 20  20  20  (4:8): 15 (4:17): 13 (8:17): 13 , 20  20  20  (4:8): 15 (4:18): 13 (8:18): 13 , 20  20  20  (4:8): 15 (4:19): 11 (8:19): 15 , 20  20  20  (4:9): 17 (4:10): 15 (9:10): 17 , 20  20  20  (4:9): 17 (4:11): 15 (9:11): 13 , 20  20  20  (4:9): 17 (4:12): 15 (9:12): 13 , 20  20  20  (4:9): 17 (4:13): 13 (9:13): 11 , 20  20  20  (4:9): 17 (4:14): 15 (9:14): 17 , 20  20  20  (4:9): 17 (4:15): 15 (9:15): 17 , 20  20  20  (4:9): 17 (4:16): 13 (9:16): 15 , 20  20  20  (4:9): 17 (4:17): 13 (9:17): 15 , 20  20  20  (4:9): 17 (4:18): 13 (9:18): 15 , 20  20  20  (4:9): 17 (4:19): 11 (9:19): 13 , 20  20  20  (4:10): 15 (4:11): 15 (10:11): 15 , 20  20  20  (4:10): 15 (4:12): 15 (10:12): 15 , 20  20  20  (4:10): 15 (4:13): 13 (10:13): 13 , 20  20  20  (4:10): 15 (4:14): 15 (10:14): 15 , 20  20  20  (4:10): 15 (4:15): 15 (10:15): 15 , 20  20  20  (4:10): 15 (4:16): 13 (10:16): 13 , 20  20  20  (4:10): 15 (4:17): 13 (10:17): 17 , 20  20  20  (4:10): 15 (4:18): 13 (10:18): 17 , 20  20  20  (4:10): 15 (4:19): 11 (10:19): 15 , 20  20  20  (4:11): 15 (4:12): 15 (11:12): 15 , 20  20  20  (4:11): 15 (4:13): 13 (11:13): 17 , 20  20  20  (4:11): 15 (4:14): 15 (11:14): 15 , 20  20  20  (4:11): 15 (4:15): 15 (11:15): 11 , 20  20  20  (4:11): 15 (4:16): 13 (11:16): 13 , 20  20  20  (4:11): 15 (4:17): 13 (11:17): 13 , 20  20  20  (4:11): 15 (4:18): 13 (11:18): 17 , 20  20  20  (4:11): 15 (4:19): 11 (11:19): 15 , 20  20  20  (4:12): 15 (4:13): 13 (12:13): 17 , 20  20  20  (4:12): 15 (4:14): 15 (12:14): 11 , 20  20  20  (4:12): 15 (4:15): 15 (12:15): 15 , 20  20  20  (4:12): 15 (4:16): 13 (12:16): 13 , 20  20  20  (4:12): 15 (4:17): 13 (12:17): 17 , 20  20  20  (4:12): 15 (4:18): 13 (12:18): 13 , 20  20  20  (4:12): 15 (4:19): 11 (12:19): 15 , 20  20  20  (4:13): 13 (4:14): 15 (13:14): 13 , 20  20  20  (4:13): 13 (4:15): 15 (13:15): 13 , 20  20  20  (4:13): 13 (4:16): 13 (13:16): 15 , 20  20  20  (4:13): 13 (4:17): 13 (13:17): 15 , 20  20  20  (4:13): 13 (4:18): 13 (13:18): 15 , 20  20  20  (4:13): 13 (4:19): 11 (13:19): 17 , 20  20  20  (4:14): 15 (4:15): 15 (14:15): 15 , 20  20  20  (4:14): 15 (4:16): 13 (14:16): 17 , 20  20  20  (4:14): 15 (4:17): 13 (14:17): 13 , 20  20  20  (4:14): 15 (4:18): 13 (14:18): 17 , 20  20  20  (4:14): 15 (4:19): 11 (14:19): 15 , 20  20  20  (4:15): 15 (4:16): 13 (15:16): 17 , 20  20  20  (4:15): 15 (4:17): 13 (15:17): 17 , 20  20  20  (4:15): 15 (4:18): 13 (15:18): 13 , 20  20  20  (4:15): 15 (4:19): 11 (15:19): 15 , 20  20  20  (4:16): 13 (4:17): 13 (16:17): 15 , 20  20  20  (4:16): 13 (4:18): 13 (16:18): 15 , 20  20  20  (4:16): 13 (4:19): 11 (16:19): 17 , 20  20  20  (4:17): 13 (4:18): 13 (17:18): 15 , 20  20  20  (4:17): 13 (4:19): 11 (17:19): 17 , 20  20  20  (4:18): 13 (4:19): 11 (18:19): 17 , 20  20  20  (5:6): 15 (5:7): 15 (6:7): 15 , 20  20  20  (5:6): 15 (5:8): 17 (6:8): 13 , 20  20  20  (5:6): 15 (5:9): 15 (6:9): 15 , 20  20  20  (5:6): 15 (5:10): 13 (6:10): 17 , 20  20  20  (5:6): 15 (5:11): 17 (6:11): 17 , 20  20  20  (5:6): 15 (5:12): 13 (6:12): 17 , 20  20  20  (5:6): 15 (5:13): 15 (6:13): 15 , 20  20  20  (5:6): 15 (5:14): 17 (6:14): 13 , 20  20  20  (5:6): 15 (5:15): 13 (6:15): 13 , 20  20  20  (5:6): 15 (5:16): 15 (6:16): 11 , 20  20  20  (5:6): 15 (5:17): 11 (6:17): 15 , 20  20  20  (5:6): 15 (5:18): 15 (6:18): 15 , 20  20  20  (5:6): 15 (5:19): 13 (6:19): 13 , 20  20  20  (5:7): 15 (5:8): 17 (7:8): 17 , 20  20  20  (5:7): 15 (5:9): 15 (7:9): 15 , 20  20  20  (5:7): 15 (5:10): 13 (7:10): 13 , 20  20  20  (5:7): 15 (5:11): 17 (7:11): 13 , 20  20  20  (5:7): 15 (5:12): 13 (7:12): 17 , 20  20  20  (5:7): 15 (5:13): 15 (7:13): 15 , 20  20  20  (5:7): 15 (5:14): 17 (7:14): 13 , 20  20  20  (5:7): 15 (5:15): 13 (7:15): 17 , 20  20  20  (5:7): 15 (5:16): 15 (7:16): 15 , 20  20  20  (5:7): 15 (5:17): 11 (7:17): 15 , 20  20  20  (5:7): 15 (5:18): 15 (7:18): 11 , 20  20  20  (5:7): 15 (5:19): 13 (7:19): 13 , 20  20  20  (5:8): 17 (5:9): 15 (8:9): 13 , 20  20  20  (5:8): 17 (5:10): 13 (8:10): 11 , 20  20  20  (5:8): 17 (5:11): 17 (8:11): 15 , 20  20  20  (5:8): 17 (5:12): 13 (8:12): 15 , 20  20  20  (5:8): 17 (5:13): 15 (8:13): 17 , 20  20  20  (5:8): 17 (5:14): 17 (8:14): 15 , 20  20  20  (5:8): 17 (5:15): 13 (8:15): 15 , 20  20  20  (5:8): 17 (5:16): 15 (8:16): 17 , 20  20  20  (5:8): 17 (5:17): 11 (8:17): 13 , 20  20  20  (5:8): 17 (5:18): 15 (8:18): 13 , 20  20  20  (5:8): 17 (5:19): 13 (8:19): 15 , 20  20  20  (5:9): 15 (5:10): 13 (9:10): 17 , 20  20  20  (5:9): 15 (5:11): 17 (9:11): 13 , 20  20  20  (5:9): 15 (5:12): 13 (9:12): 13 , 20  20  20  (5:9): 15 (5:13): 15 (9:13): 11 , 20  20  20  (5:9): 15 (5:14): 17 (9:14): 17 , 20  20  20  (5:9): 15 (5:15): 13 (9:15): 17 , 20  20  20  (5:9): 15 (5:16): 15 (9:16): 15 , 20  20  20  (5:9): 15 (5:17): 11 (9:17): 15 , 20  20  20  (5:9): 15 (5:18): 15 (9:18): 15 , 20  20  20  (5:9): 15 (5:19): 13 (9:19): 13 , 20  20  20  (5:10): 13 (5:11): 17 (10:11): 15 , 20  20  20  (5:10): 13 (5:12): 13 (10:12): 15 , 20  20  20  (5:10): 13 (5:13): 15 (10:13): 13 , 20  20  20  (5:10): 13 (5:14): 17 (10:14): 15 , 20  20  20  (5:10): 13 (5:15): 13 (10:15): 15 , 20  20  20  (5:10): 13 (5:16): 15 (10:16): 13 , 20  20  20  (5:10): 13 (5:17): 11 (10:17): 17 , 20  20  20  (5:10): 13 (5:18): 15 (10:18): 17 , 20  20  20  (5:10): 13 (5:19): 13 (10:19): 15 , 20  20  20  (5:11): 17 (5:12): 13 (11:12): 15 , 20  20  20  (5:11): 17 (5:13): 15 (11:13): 17 , 20  20  20  (5:11): 17 (5:14): 17 (11:14): 15 , 20  20  20  (5:11): 17 (5:15): 13 (11:15): 11 , 20  20  20  (5:11): 17 (5:16): 15 (11:16): 13 , 20  20  20  (5:11): 17 (5:17): 11 (11:17): 13 , 20  20  20  (5:11): 17 (5:18): 15 (11:18): 17 , 20  20  20  (5:11): 17 (5:19): 13 (11:19): 15 , 20  20  20  (5:12): 13 (5:13): 15 (12:13): 17 , 20  20  20  (5:12): 13 (5:14): 17 (12:14): 11 , 20  20  20  (5:12): 13 (5:15): 13 (12:15): 15 , 20  20  20  (5:12): 13 (5:16): 15 (12:16): 13 , 20  20  20  (5:12): 13 (5:17): 11 (12:17): 17 , 20  20  20  (5:12): 13 (5:18): 15 (12:18): 13 , 20  20  20  (5:12): 13 (5:19): 13 (12:19): 15 , 20  20  20  (5:13): 15 (5:14): 17 (13:14): 13 , 20  20  20  (5:13): 15 (5:15): 13 (13:15): 13 , 20  20  20  (5:13): 15 (5:16): 15 (13:16): 15 , 20  20  20  (5:13): 15 (5:17): 11 (13:17): 15 , 20  20  20  (5:13): 15 (5:18): 15 (13:18): 15 , 20  20  20  (5:13): 15 (5:19): 13 (13:19): 17 , 20  20  20  (5:14): 17 (5:15): 13 (14:15): 15 , 20  20  20  (5:14): 17 (5:16): 15 (14:16): 17 , 20  20  20  (5:14): 17 (5:17): 11 (14:17): 13 , 20  20  20  (5:14): 17 (5:18): 15 (14:18): 17 , 20  20  20  (5:14): 17 (5:19): 13 (14:19): 15 , 20  20  20  (5:15): 13 (5:16): 15 (15:16): 17 , 20  20  20  (5:15): 13 (5:17): 11 (15:17): 17 , 20  20  20  (5:15): 13 (5:18): 15 (15:18): 13 , 20  20  20  (5:15): 13 (5:19): 13 (15:19): 15 , 20  20  20  (5:16): 15 (5:17): 11 (16:17): 15 , 20  20  20  (5:16): 15 (5:18): 15 (16:18): 15 , 20  20  20  (5:16): 15 (5:19): 13 (16:19): 17 , 20  20  20  (5:17): 11 (5:18): 15 (17:18): 15 , 20  20  20  (5:17): 11 (5:19): 13 (17:19): 17 , 20  20  20  (5:18): 15 (5:19): 13 (18:19): 17 , 20  20  20  (6:7): 15 (6:8): 13 (7:8): 17 , 20  20  20  (6:7): 15 (6:9): 15 (7:9): 15 , 20  20  20  (6:7): 15 (6:10): 17 (7:10): 13 , 20  20  20  (6:7): 15 (6:11): 17 (7:11): 13 , 20  20  20  (6:7): 15 (6:12): 17 (7:12): 17 , 20  20  20  (6:7): 15 (6:13): 15 (7:13): 15 , 20  20  20  (6:7): 15 (6:14): 13 (7:14): 13 , 20  20  20  (6:7): 15 (6:15): 13 (7:15): 17 , 20  20  20  (6:7): 15 (6:16): 11 (7:16): 15 , 20  20  20  (6:7): 15 (6:17): 15 (7:17): 15 , 20  20  20  (6:7): 15 (6:18): 15 (7:18): 11 , 20  20  20  (6:7): 15 (6:19): 13 (7:19): 13 , 20  20  20  (6:8): 13 (6:9): 15 (8:9): 13 , 20  20  20  (6:8): 13 (6:10): 17 (8:10): 11 , 20  20  20  (6:8): 13 (6:11): 17 (8:11): 15 , 20  20  20  (6:8): 13 (6:12): 17 (8:12): 15 , 20  20  20  (6:8): 13 (6:13): 15 (8:13): 17 , 20  20  20  (6:8): 13 (6:14): 13 (8:14): 15 , 20  20  20  (6:8): 13 (6:15): 13 (8:15): 15 , 20  20  20  (6:8): 13 (6:16): 11 (8:16): 17 , 20  20  20  (6:8): 13 (6:17): 15 (8:17): 13 , 20  20  20  (6:8): 13 (6:18): 15 (8:18): 13 , 20  20  20  (6:8): 13 (6:19): 13 (8:19): 15 , 20  20  20  (6:9): 15 (6:10): 17 (9:10): 17 , 20  20  20  (6:9): 15 (6:11): 17 (9:11): 13 , 20  20  20  (6:9): 15 (6:12): 17 (9:12): 13 , 20  20  20  (6:9): 15 (6:13): 15 (9:13): 11 , 20  20  20  (6:9): 15 (6:14): 13 (9:14): 17 , 20  20  20  (6:9): 15 (6:15): 13 (9:15): 17 , 20  20  20  (6:9): 15 (6:16): 11 (9:16): 15 , 20  20  20  (6:9): 15 (6:17): 15 (9:17): 15 , 20  20  20  (6:9): 15 (6:18): 15 (9:18): 15 , 20  20  20  (6:9): 15 (6:19): 13 (9:19): 13 , 20  20  20  (6:10): 17 (6:11): 17 (10:11): 15 , 20  20  20  (6:10): 17 (6:12): 17 (10:12): 15 , 20  20  20  (6:10): 17 (6:13): 15 (10:13): 13 , 20  20  20  (6:10): 17 (6:14): 13 (10:14): 15 , 20  20  20  (6:10): 17 (6:15): 13 (10:15): 15 , 20  20  20  (6:10): 17 (6:16): 11 (10:16): 13 , 20  20  20  (6:10): 17 (6:17): 15 (10:17): 17 , 20  20  20  (6:10): 17 (6:18): 15 (10:18): 17 , 20  20  20  (6:10): 17 (6:19): 13 (10:19): 15 , 20  20  20  (6:11): 17 (6:12): 17 (11:12): 15 , 20  20  20  (6:11): 17 (6:13): 15 (11:13): 17 , 20  20  20  (6:11): 17 (6:14): 13 (11:14): 15 , 20  20  20  (6:11): 17 (6:15): 13 (11:15): 11 , 20  20  20  (6:11): 17 (6:16): 11 (11:16): 13 , 20  20  20  (6:11): 17 (6:17): 15 (11:17): 13 , 20  20  20  (6:11): 17 (6:18): 15 (11:18): 17 , 20  20  20  (6:11): 17 (6:19): 13 (11:19): 15 , 20  20  20  (6:12): 17 (6:13): 15 (12:13): 17 , 20  20  20  (6:12): 17 (6:14): 13 (12:14): 11 , 20  20  20  (6:12): 17 (6:15): 13 (12:15): 15 , 20  20  20  (6:12): 17 (6:16): 11 (12:16): 13 , 20  20  20  (6:12): 17 (6:17): 15 (12:17): 17 , 20  20  20  (6:12): 17 (6:18): 15 (12:18): 13 , 20  20  20  (6:12): 17 (6:19): 13 (12:19): 15 , 20  20  20  (6:13): 15 (6:14): 13 (13:14): 13 , 20  20  20  (6:13): 15 (6:15): 13 (13:15): 13 , 20  20  20  (6:13): 15 (6:16): 11 (13:16): 15 , 20  20  20  (6:13): 15 (6:17): 15 (13:17): 15 , 20  20  20  (6:13): 15 (6:18): 15 (13:18): 15 , 20  20  20  (6:13): 15 (6:19): 13 (13:19): 17 , 20  20  20  (6:14): 13 (6:15): 13 (14:15): 15 , 20  20  20  (6:14): 13 (6:16): 11 (14:16): 17 , 20  20  20  (6:14): 13 (6:17): 15 (14:17): 13 , 20  20  20  (6:14): 13 (6:18): 15 (14:18): 17 , 20  20  20  (6:14): 13 (6:19): 13 (14:19): 15 , 20  20  20  (6:15): 13 (6:16): 11 (15:16): 17 , 20  20  20  (6:15): 13 (6:17): 15 (15:17): 17 , 20  20  20  (6:15): 13 (6:18): 15 (15:18): 13 , 20  20  20  (6:15): 13 (6:19): 13 (15:19): 15 , 20  20  20  (6:16): 11 (6:17): 15 (16:17): 15 , 20  20  20  (6:16): 11 (6:18): 15 (16:18): 15 , 20  20  20  (6:16): 11 (6:19): 13 (16:19): 17 , 20  20  20  (6:17): 15 (6:18): 15 (17:18): 15 , 20  20  20  (6:17): 15 (6:19): 13 (17:19): 17 , 20  20  20  (6:18): 15 (6:19): 13 (18:19): 17 , 20  20  20  (7:8): 17 (7:9): 15 (8:9): 13 , 20  20  20  (7:8): 17 (7:10): 13 (8:10): 11 , 20  20  20  (7:8): 17 (7:11): 13 (8:11): 15 , 20  20  20  (7:8): 17 (7:12): 17 (8:12): 15 , 20  20  20  (7:8): 17 (7:13): 15 (8:13): 17 , 20  20  20  (7:8): 17 (7:14): 13 (8:14): 15 , 20  20  20  (7:8): 17 (7:15): 17 (8:15): 15 , 20  20  20  (7:8): 17 (7:16): 15 (8:16): 17 , 20  20  20  (7:8): 17 (7:17): 15 (8:17): 13 , 20  20  20  (7:8): 17 (7:18): 11 (8:18): 13 , 20  20  20  (7:8): 17 (7:19): 13 (8:19): 15 , 20  20  20  (7:9): 15 (7:10): 13 (9:10): 17 , 20  20  20  (7:9): 15 (7:11): 13 (9:11): 13 , 20  20  20  (7:9): 15 (7:12): 17 (9:12): 13 , 20  20  20  (7:9): 15 (7:13): 15 (9:13): 11 , 20  20  20  (7:9): 15 (7:14): 13 (9:14): 17 , 20  20  20  (7:9): 15 (7:15): 17 (9:15): 17 , 20  20  20  (7:9): 15 (7:16): 15 (9:16): 15 , 20  20  20  (7:9): 15 (7:17): 15 (9:17): 15 , 20  20  20  (7:9): 15 (7:18): 11 (9:18): 15 , 20  20  20  (7:9): 15 (7:19): 13 (9:19): 13 , 20  20  20  (7:10): 13 (7:11): 13 (10:11): 15 , 20  20  20  (7:10): 13 (7:12): 17 (10:12): 15 , 20  20  20  (7:10): 13 (7:13): 15 (10:13): 13 , 20  20  20  (7:10): 13 (7:14): 13 (10:14): 15 , 20  20  20  (7:10): 13 (7:15): 17 (10:15): 15 , 20  20  20  (7:10): 13 (7:16): 15 (10:16): 13 , 20  20  20  (7:10): 13 (7:17): 15 (10:17): 17 , 20  20  20  (7:10): 13 (7:18): 11 (10:18): 17 , 20  20  20  (7:10): 13 (7:19): 13 (10:19): 15 , 20  20  20  (7:11): 13 (7:12): 17 (11:12): 15 , 20  20  20  (7:11): 13 (7:13): 15 (11:13): 17 , 20  20  20  (7:11): 13 (7:14): 13 (11:14): 15 , 20  20  20  (7:11): 13 (7:15): 17 (11:15): 11 , 20  20  20  (7:11): 13 (7:16): 15 (11:16): 13 , 20  20  20  (7:11): 13 (7:17): 15 (11:17): 13 , 20  20  20  (7:11): 13 (7:18): 11 (11:18): 17 , 20  20  20  (7:11): 13 (7:19): 13 (11:19): 15 , 20  20  20  (7:12): 17 (7:13): 15 (12:13): 17 , 20  20  20  (7:12): 17 (7:14): 13 (12:14): 11 , 20  20  20  (7:12): 17 (7:15): 17 (12:15): 15 , 20  20  20  (7:12): 17 (7:16): 15 (12:16): 13 , 20  20  20  (7:12): 17 (7:17): 15 (12:17): 17 , 20  20  20  (7:12): 17 (7:18): 11 (12:18): 13 , 20  20  20  (7:12): 17 (7:19): 13 (12:19): 15 , 20  20  20  (7:13): 15 (7:14): 13 (13:14): 13 , 20  20  20  (7:13): 15 (7:15): 17 (13:15): 13 , 20  20  20  (7:13): 15 (7:16): 15 (13:16): 15 , 20  20  20  (7:13): 15 (7:17): 15 (13:17): 15 , 20  20  20  (7:13): 15 (7:18): 11 (13:18): 15 , 20  20  20  (7:13): 15 (7:19): 13 (13:19): 17 , 20  20  20  (7:14): 13 (7:15): 17 (14:15): 15 , 20  20  20  (7:14): 13 (7:16): 15 (14:16): 17 , 20  20  20  (7:14): 13 (7:17): 15 (14:17): 13 , 20  20  20  (7:14): 13 (7:18): 11 (14:18): 17 , 20  20  20  (7:14): 13 (7:19): 13 (14:19): 15 , 20  20  20  (7:15): 17 (7:16): 15 (15:16): 17 , 20  20  20  (7:15): 17 (7:17): 15 (15:17): 17 , 20  20  20  (7:15): 17 (7:18): 11 (15:18): 13 , 20  20  20  (7:15): 17 (7:19): 13 (15:19): 15 , 20  20  20  (7:16): 15 (7:17): 15 (16:17): 15 , 20  20  20  (7:16): 15 (7:18): 11 (16:18): 15 , 20  20  20  (7:16): 15 (7:19): 13 (16:19): 17 , 20  20  20  (7:17): 15 (7:18): 11 (17:18): 15 , 20  20  20  (7:17): 15 (7:19): 13 (17:19): 17 , 20  20  20  (7:18): 11 (7:19): 13 (18:19): 17 , 20  20  20  (8:9): 13 (8:10): 11 (9:10): 17 , 20  20  20  (8:9): 13 (8:11): 15 (9:11): 13 , 20  20  20  (8:9): 13 (8:12): 15 (9:12): 13 , 20  20  20  (8:9): 13 (8:13): 17 (9:13): 11 , 20  20  20  (8:9): 13 (8:14): 15 (9:14): 17 , 20  20  20  (8:9): 13 (8:15): 15 (9:15): 17 , 20  20  20  (8:9): 13 (8:16): 17 (9:16): 15 , 20  20  20  (8:9): 13 (8:17): 13 (9:17): 15 , 20  20  20  (8:9): 13 (8:18): 13 (9:18): 15 , 20  20  20  (8:9): 13 (8:19): 15 (9:19): 13 , 20  20  20  (8:10): 11 (8:11): 15 (10:11): 15 , 20  20  20  (8:10): 11 (8:12): 15 (10:12): 15 , 20  20  20  (8:10): 11 (8:13): 17 (10:13): 13 , 20  20  20  (8:10): 11 (8:14): 15 (10:14): 15 , 20  20  20  (8:10): 11 (8:15): 15 (10:15): 15 , 20  20  20  (8:10): 11 (8:16): 17 (10:16): 13 , 20  20  20  (8:10): 11 (8:17): 13 (10:17): 17 , 20  20  20  (8:10): 11 (8:18): 13 (10:18): 17 , 20  20  20  (8:10): 11 (8:19): 15 (10:19): 15 , 20  20  20  (8:11): 15 (8:12): 15 (11:12): 15 , 20  20  20  (8:11): 15 (8:13): 17 (11:13): 17 , 20  20  20  (8:11): 15 (8:14): 15 (11:14): 15 , 20  20  20  (8:11): 15 (8:15): 15 (11:15): 11 , 20  20  20  (8:11): 15 (8:16): 17 (11:16): 13 , 20  20  20  (8:11): 15 (8:17): 13 (11:17): 13 , 20  20  20  (8:11): 15 (8:18): 13 (11:18): 17 , 20  20  20  (8:11): 15 (8:19): 15 (11:19): 15 , 20  20  20  (8:12): 15 (8:13): 17 (12:13): 17 , 20  20  20  (8:12): 15 (8:14): 15 (12:14): 11 , 20  20  20  (8:12): 15 (8:15): 15 (12:15): 15 , 20  20  20  (8:12): 15 (8:16): 17 (12:16): 13 , 20  20  20  (8:12): 15 (8:17): 13 (12:17): 17 , 20  20  20  (8:12): 15 (8:18): 13 (12:18): 13 , 20  20  20  (8:12): 15 (8:19): 15 (12:19): 15 , 20  20  20  (8:13): 17 (8:14): 15 (13:14): 13 , 20  20  20  (8:13): 17 (8:15): 15 (13:15): 13 , 20  20  20  (8:13): 17 (8:16): 17 (13:16): 15 , 20  20  20  (8:13): 17 (8:17): 13 (13:17): 15 , 20  20  20  (8:13): 17 (8:18): 13 (13:18): 15 , 20  20  20  (8:13): 17 (8:19): 15 (13:19): 17 , 20  20  20  (8:14): 15 (8:15): 15 (14:15): 15 , 20  20  20  (8:14): 15 (8:16): 17 (14:16): 17 , 20  20  20  (8:14): 15 (8:17): 13 (14:17): 13 , 20  20  20  (8:14): 15 (8:18): 13 (14:18): 17 , 20  20  20  (8:14): 15 (8:19): 15 (14:19): 15 , 20  20  20  (8:15): 15 (8:16): 17 (15:16): 17 , 20  20  20  (8:15): 15 (8:17): 13 (15:17): 17 , 20  20  20  (8:15): 15 (8:18): 13 (15:18): 13 , 20  20  20  (8:15): 15 (8:19): 15 (15:19): 15 , 20  20  20  (8:16): 17 (8:17): 13 (16:17): 15 , 20  20  20  (8:16): 17 (8:18): 13 (16:18): 15 , 20  20  20  (8:16): 17 (8:19): 15 (16:19): 17 , 20  20  20  (8:17): 13 (8:18): 13 (17:18): 15 , 20  20  20  (8:17): 13 (8:19): 15 (17:19): 17 , 20  20  20  (8:18): 13 (8:19): 15 (18:19): 17 , 20  20  20  (9:10): 17 (9:11): 13 (10:11): 15 , 20  20  20  (9:10): 17 (9:12): 13 (10:12): 15 , 20  20  20  (9:10): 17 (9:13): 11 (10:13): 13 , 20  20  20  (9:10): 17 (9:14): 17 (10:14): 15 , 20  20  20  (9:10): 17 (9:15): 17 (10:15): 15 , 20  20  20  (9:10): 17 (9:16): 15 (10:16): 13 , 20  20  20  (9:10): 17 (9:17): 15 (10:17): 17 , 20  20  20  (9:10): 17 (9:18): 15 (10:18): 17 , 20  20  20  (9:10): 17 (9:19): 13 (10:19): 15 , 20  20  20  (9:11): 13 (9:12): 13 (11:12): 15 , 20  20  20  (9:11): 13 (9:13): 11 (11:13): 17 , 20  20  20  (9:11): 13 (9:14): 17 (11:14): 15 , 20  20  20  (9:11): 13 (9:15): 17 (11:15): 11 , 20  20  20  (9:11): 13 (9:16): 15 (11:16): 13 , 20  20  20  (9:11): 13 (9:17): 15 (11:17): 13 , 20  20  20  (9:11): 13 (9:18): 15 (11:18): 17 , 20  20  20  (9:11): 13 (9:19): 13 (11:19): 15 , 20  20  20  (9:12): 13 (9:13): 11 (12:13): 17 , 20  20  20  (9:12): 13 (9:14): 17 (12:14): 11 , 20  20  20  (9:12): 13 (9:15): 17 (12:15): 15 , 20  20  20  (9:12): 13 (9:16): 15 (12:16): 13 , 20  20  20  (9:12): 13 (9:17): 15 (12:17): 17 , 20  20  20  (9:12): 13 (9:18): 15 (12:18): 13 , 20  20  20  (9:12): 13 (9:19): 13 (12:19): 15 , 20  20  20  (9:13): 11 (9:14): 17 (13:14): 13 , 20  20  20  (9:13): 11 (9:15): 17 (13:15): 13 , 20  20  20  (9:13): 11 (9:16): 15 (13:16): 15 , 20  20  20  (9:13): 11 (9:17): 15 (13:17): 15 , 20  20  20  (9:13): 11 (9:18): 15 (13:18): 15 , 20  20  20  (9:13): 11 (9:19): 13 (13:19): 17 , 20  20  20  (9:14): 17 (9:15): 17 (14:15): 15 , 20  20  20  (9:14): 17 (9:16): 15 (14:16): 17 , 20  20  20  (9:14): 17 (9:17): 15 (14:17): 13 , 20  20  20  (9:14): 17 (9:18): 15 (14:18): 17 , 20  20  20  (9:14): 17 (9:19): 13 (14:19): 15 , 20  20  20  (9:15): 17 (9:16): 15 (15:16): 17 , 20  20  20  (9:15): 17 (9:17): 15 (15:17): 17 , 20  20  20  (9:15): 17 (9:18): 15 (15:18): 13 , 20  20  20  (9:15): 17 (9:19): 13 (15:19): 15 , 20  20  20  (9:16): 15 (9:17): 15 (16:17): 15 , 20  20  20  (9:16): 15 (9:18): 15 (16:18): 15 , 20  20  20  (9:16): 15 (9:19): 13 (16:19): 17 , 20  20  20  (9:17): 15 (9:18): 15 (17:18): 15 , 20  20  20  (9:17): 15 (9:19): 13 (17:19): 17 , 20  20  20  (9:18): 15 (9:19): 13 (18:19): 17 , 20  20  20  (10:11): 15 (10:12): 15 (11:12): 15 , 20  20  20  (10:11): 15 (10:13): 13 (11:13): 17 , 20  20  20  (10:11): 15 (10:14): 15 (11:14): 15 , 20  20  20  (10:11): 15 (10:15): 15 (11:15): 11 , 20  20  20  (10:11): 15 (10:16): 13 (11:16): 13 , 20  20  20  (10:11): 15 (10:17): 17 (11:17): 13 , 20  20  20  (10:11): 15 (10:18): 17 (11:18): 17 , 20  20  20  (10:11): 15 (10:19): 15 (11:19): 15 , 20  20  20  (10:12): 15 (10:13): 13 (12:13): 17 , 20  20  20  (10:12): 15 (10:14): 15 (12:14): 11 , 20  20  20  (10:12): 15 (10:15): 15 (12:15): 15 , 20  20  20  (10:12): 15 (10:16): 13 (12:16): 13 , 20  20  20  (10:12): 15 (10:17): 17 (12:17): 17 , 20  20  20  (10:12): 15 (10:18): 17 (12:18): 13 , 20  20  20  (10:12): 15 (10:19): 15 (12:19): 15 , 20  20  20  (10:13): 13 (10:14): 15 (13:14): 13 , 20  20  20  (10:13): 13 (10:15): 15 (13:15): 13 , 20  20  20  (10:13): 13 (10:16): 13 (13:16): 15 , 20  20  20  (10:13): 13 (10:17): 17 (13:17): 15 , 20  20  20  (10:13): 13 (10:18): 17 (13:18): 15 , 20  20  20  (10:13): 13 (10:19): 15 (13:19): 17 , 20  20  20  (10:14): 15 (10:15): 15 (14:15): 15 , 20  20  20  (10:14): 15 (10:16): 13 (14:16): 17 , 20  20  20  (10:14): 15 (10:17): 17 (14:17): 13 , 20  20  20  (10:14): 15 (10:18): 17 (14:18): 17 , 20  20  20  (10:14): 15 (10:19): 15 (14:19): 15 , 20  20  20  (10:15): 15 (10:16): 13 (15:16): 17 , 20  20  20  (10:15): 15 (10:17): 17 (15:17): 17 , 20  20  20  (10:15): 15 (10:18): 17 (15:18): 13 , 20  20  20  (10:15): 15 (10:19): 15 (15:19): 15 , 20  20  20  (10:16): 13 (10:17): 17 (16:17): 15 , 20  20  20  (10:16): 13 (10:18): 17 (16:18): 15 , 20  20  20  (10:16): 13 (10:19): 15 (16:19): 17 , 20  20  20  (10:17): 17 (10:18): 17 (17:18): 15 , 20  20  20  (10:17): 17 (10:19): 15 (17:19): 17 , 20  20  20  (10:18): 17 (10:19): 15 (18:19): 17 , 20  20  20  (11:12): 15 (11:13): 17 (12:13): 17 , 20  20  20  (11:12): 15 (11:14): 15 (12:14): 11 , 20  20  20  (11:12): 15 (11:15): 11 (12:15): 15 , 20  20  20  (11:12): 15 (11:16): 13 (12:16): 13 , 20  20  20  (11:12): 15 (11:17): 13 (12:17): 17 , 20  20  20  (11:12): 15 (11:18): 17 (12:18): 13 , 20  20  20  (11:12): 15 (11:19): 15 (12:19): 15 , 20  20  20  (11:13): 17 (11:14): 15 (13:14): 13 , 20  20  20  (11:13): 17 (11:15): 11 (13:15): 13 , 20  20  20  (11:13): 17 (11:16): 13 (13:16): 15 , 20  20  20  (11:13): 17 (11:17): 13 (13:17): 15 , 20  20  20  (11:13): 17 (11:18): 17 (13:18): 15 , 20  20  20  (11:13): 17 (11:19): 15 (13:19): 17 , 20  20  20  (11:14): 15 (11:15): 11 (14:15): 15 , 20  20  20  (11:14): 15 (11:16): 13 (14:16): 17 , 20  20  20  (11:14): 15 (11:17): 13 (14:17): 13 , 20  20  20  (11:14): 15 (11:18): 17 (14:18): 17 , 20  20  20  (11:14): 15 (11:19): 15 (14:19): 15 , 20  20  20  (11:15): 11 (11:16): 13 (15:16): 17 , 20  20  20  (11:15): 11 (11:17): 13 (15:17): 17 , 20  20  20  (11:15): 11 (11:18): 17 (15:18): 13 , 20  20  20  (11:15): 11 (11:19): 15 (15:19): 15 , 20  20  20  (11:16): 13 (11:17): 13 (16:17): 15 , 20  20  20  (11:16): 13 (11:18): 17 (16:18): 15 , 20  20  20  (11:16): 13 (11:19): 15 (16:19): 17 , 20  20  20  (11:17): 13 (11:18): 17 (17:18): 15 , 20  20  20  (11:17): 13 (11:19): 15 (17:19): 17 , 20  20  20  (11:18): 17 (11:19): 15 (18:19): 17 , 20  20  20  (12:13): 17 (12:14): 11 (13:14): 13 , 20  20  20  (12:13): 17 (12:15): 15 (13:15): 13 , 20  20  20  (12:13): 17 (12:16): 13 (13:16): 15 , 20  20  20  (12:13): 17 (12:17): 17 (13:17): 15 , 20  20  20  (12:13): 17 (12:18): 13 (13:18): 15 , 20  20  20  (12:13): 17 (12:19): 15 (13:19): 17 , 20  20  20  (12:14): 11 (12:15): 15 (14:15): 15 , 20  20  20  (12:14): 11 (12:16): 13 (14:16): 17 , 20  20  20  (12:14): 11 (12:17): 17 (14:17): 13 , 20  20  20  (12:14): 11 (12:18): 13 (14:18): 17 , 20  20  20  (12:14): 11 (12:19): 15 (14:19): 15 , 20  20  20  (12:15): 15 (12:16): 13 (15:16): 17 , 20  20  20  (12:15): 15 (12:17): 17 (15:17): 17 , 20  20  20  (12:15): 15 (12:18): 13 (15:18): 13 , 20  20  20  (12:15): 15 (12:19): 15 (15:19): 15 , 20  20  20  (12:16): 13 (12:17): 17 (16:17): 15 , 20  20  20  (12:16): 13 (12:18): 13 (16:18): 15 , 20  20  20  (12:16): 13 (12:19): 15 (16:19): 17 , 20  20  20  (12:17): 17 (12:18): 13 (17:18): 15 , 20  20  20  (12:17): 17 (12:19): 15 (17:19): 17 , 20  20  20  (12:18): 13 (12:19): 15 (18:19): 17 , 20  20  20  (13:14): 13 (13:15): 13 (14:15): 15 , 20  20  20  (13:14): 13 (13:16): 15 (14:16): 17 , 20  20  20  (13:14): 13 (13:17): 15 (14:17): 13 , 20  20  20  (13:14): 13 (13:18): 15 (14:18): 17 , 20  20  20  (13:14): 13 (13:19): 17 (14:19): 15 , 20  20  20  (13:15): 13 (13:16): 15 (15:16): 17 , 20  20  20  (13:15): 13 (13:17): 15 (15:17): 17 , 20  20  20  (13:15): 13 (13:18): 15 (15:18): 13 , 20  20  20  (13:15): 13 (13:19): 17 (15:19): 15 , 20  20  20  (13:16): 15 (13:17): 15 (16:17): 15 , 20  20  20  (13:16): 15 (13:18): 15 (16:18): 15 , 20  20  20  (13:16): 15 (13:19): 17 (16:19): 17 , 20  20  20  (13:17): 15 (13:18): 15 (17:18): 15 , 20  20  20  (13:17): 15 (13:19): 17 (17:19): 17 , 20  20  20  (13:18): 15 (13:19): 17 (18:19): 17 , 20  20  20  (14:15): 15 (14:16): 17 (15:16): 17 , 20  20  20  (14:15): 15 (14:17): 13 (15:17): 17 , 20  20  20  (14:15): 15 (14:18): 17 (15:18): 13 , 20  20  20  (14:15): 15 (14:19): 15 (15:19): 15 , 20  20  20  (14:16): 17 (14:17): 13 (16:17): 15 , 20  20  20  (14:16): 17 (14:18): 17 (16:18): 15 , 20  20  20  (14:16): 17 (14:19): 15 (16:19): 17 , 20  20  20  (14:17): 13 (14:18): 17 (17:18): 15 , 20  20  20  (14:17): 13 (14:19): 15 (17:19): 17 , 20  20  20  (14:18): 17 (14:19): 15 (18:19): 17 , 20  20  20  (15:16): 17 (15:17): 17 (16:17): 15 , 20  20  20  (15:16): 17 (15:18): 13 (16:18): 15 , 20  20  20  (15:16): 17 (15:19): 15 (16:19): 17 , 20  20  20  (15:17): 17 (15:18): 13 (17:18): 15 , 20  20  20  (15:17): 17 (15:19): 15 (17:19): 17 , 20  20  20  (15:18): 13 (15:19): 15 (18:19): 17 , 20  20  20  (16:17): 15 (16:18): 15 (17:18): 15 , 20  20  20  (16:17): 15 (16:19): 17 (17:19): 17 , 20  20  20  (16:18): 15 (16:19): 17 (18:19): 17 , 20  20  20  (17:18): 15 (17:19): 17 (18:19): 17 , ,
CHEBI:16238,,
CHEBI:17446,,
CHEBI:16364,,
CHEBI:6942,,
CHEBI:18353,,
CHEBI:15385,,
CHEBI:17145,,
CHEBI:16254,,
CHEBI:17247,,
CHEBI:15720,,
CHEBI:16845,,
CHEBI:17617,,
CHEBI:6780,,
CHEBI:17201,,
CHEBI:17853,,
CHEBI:21969,,
CHEBI:17228,,
CHEBI:15379,,
CHEBI:18411,,
CHEBI:16132,,
CHEBI:15797,,
CHEBI:8927,,
CHEBI:16794,,
CHEBI:15417,,
CHEBI:7025,,
CHEBI:16294,,
CHEBI:15479,,
CHEBI:15808,,
CHEBI:17992,,
CHEBI:17694,,
CHEBI:16274,,
CHEBI:16136,,
CHEBI:17131,,
CHEBI:17364,,
CHEBI:17711,,
CHEBI:18071,,
CHEBI:19868,,
CHEBI:16208,,
CHEBI:15627,4  6  6  (0:1): 2 (0:2): 2 (1:2): 4 , ,
CHEBI:18072,,
CHEBI:15351,,
CHEBI:4309,,
CHEBI:18067,,
